solid ASCII
  facet normal 9.988623e-01 -4.758167e-02 3.184858e-03
    outer loop
      vertex   -8.307924e+01 1.263365e+02 2.100000e+00
      vertex   -8.300138e+01 1.277803e+02 -7.500000e-01
      vertex   -8.300000e+01 1.280000e+02 2.100000e+00
    endloop
  endfacet
  facet normal 9.993678e-01 3.540697e-02 -3.213394e-03
    outer loop
      vertex   -8.300000e+01 1.280000e+02 2.100000e+00
      vertex   -8.300138e+01 1.277803e+02 -7.500000e-01
      vertex   -8.306080e+01 1.294575e+02 -7.500000e-01
    endloop
  endfacet
  facet normal 9.988628e-01 4.758170e-02 3.023775e-03
    outer loop
      vertex   -8.300000e+01 1.280000e+02 2.100000e+00
      vertex   -8.306080e+01 1.294575e+02 -7.500000e-01
      vertex   -8.307924e+01 1.296635e+02 2.100000e+00
    endloop
  endfacet
  facet normal 9.913807e-01 1.309772e-01 -3.050627e-03
    outer loop
      vertex   -8.307924e+01 1.296635e+02 2.100000e+00
      vertex   -8.306080e+01 1.294575e+02 -7.500000e-01
      vertex   -8.328063e+01 1.311214e+02 -7.500000e-01
    endloop
  endfacet
  facet normal 9.898174e-01 1.423143e-01 2.859323e-03
    outer loop
      vertex   -8.307924e+01 1.296635e+02 2.100000e+00
      vertex   -8.328063e+01 1.311214e+02 -7.500000e-01
      vertex   -8.331625e+01 1.313119e+02 2.100000e+00
    endloop
  endfacet
  facet normal 9.742752e-01 2.253429e-01 -2.884491e-03
    outer loop
      vertex   -8.331625e+01 1.313119e+02 2.100000e+00
      vertex   -8.328063e+01 1.311214e+02 -7.500000e-01
      vertex   -8.365883e+01 1.327566e+02 -7.500000e-01
    endloop
  endfacet
  facet normal 9.718080e-01 2.357581e-01 2.691503e-03
    outer loop
      vertex   -8.331625e+01 1.313119e+02 2.100000e+00
      vertex   -8.365883e+01 1.327566e+02 -7.500000e-01
      vertex   -8.370887e+01 1.329303e+02 2.100000e+00
    endloop
  endfacet
  facet normal 9.482088e-01 3.176361e-01 -2.714986e-03
    outer loop
      vertex   -8.370887e+01 1.329303e+02 2.100000e+00
      vertex   -8.365883e+01 1.327566e+02 -7.500000e-01
      vertex   -8.419192e+01 1.343480e+02 -7.500000e-01
    endloop
  endfacet
  facet normal 9.449978e-01 3.270669e-01 2.520313e-03
    outer loop
      vertex   -8.370887e+01 1.329303e+02 2.100000e+00
      vertex   -8.419192e+01 1.343480e+02 -7.500000e-01
      vertex   -8.425356e+01 1.345041e+02 2.100000e+00
    endloop
  endfacet
  facet normal 9.134211e-01 4.070078e-01 -2.542113e-03
    outer loop
      vertex   -8.425356e+01 1.345041e+02 2.100000e+00
      vertex   -8.419192e+01 1.343480e+02 -7.500000e-01
      vertex   -8.487501e+01 1.358810e+02 -7.500000e-01
    endloop
  endfacet
  facet normal 9.096295e-01 4.154139e-01 2.345756e-03
    outer loop
      vertex   -8.425356e+01 1.345041e+02 2.100000e+00
      vertex   -8.487501e+01 1.358810e+02 -7.500000e-01
      vertex   -8.494538e+01 1.360190e+02 2.100000e+00
    endloop
  endfacet
  facet normal 8.702321e-01 4.926362e-01 -2.365871e-03
    outer loop
      vertex   -8.494538e+01 1.360190e+02 2.100000e+00
      vertex   -8.487501e+01 1.358810e+02 -7.500000e-01
      vertex   -8.570182e+01 1.373415e+02 -7.500000e-01
    endloop
  endfacet
  facet normal 8.660234e-01 4.999988e-01 2.167829e-03
    outer loop
      vertex   -8.494538e+01 1.360190e+02 2.100000e+00
      vertex   -8.570182e+01 1.373415e+02 -7.500000e-01
      vertex   -8.577806e+01 1.374612e+02 2.100000e+00
    endloop
  endfacet
  facet normal 8.190391e-01 5.737336e-01 -2.186261e-03
    outer loop
      vertex   -8.577806e+01 1.374612e+02 2.100000e+00
      vertex   -8.570182e+01 1.373415e+02 -7.500000e-01
      vertex   -8.666473e+01 1.387161e+02 -7.500000e-01
    endloop
  endfacet
  facet normal 8.145743e-01 5.800558e-01 1.986535e-03
    outer loop
      vertex   -8.577806e+01 1.374612e+02 2.100000e+00
      vertex   -8.666473e+01 1.387161e+02 -7.500000e-01
      vertex   -8.674407e+01 1.388178e+02 2.100000e+00
    endloop
  endfacet
  facet normal 7.603128e-01 6.495540e-01 -2.003282e-03
    outer loop
      vertex   -8.674407e+01 1.388178e+02 2.100000e+00
      vertex   -8.666473e+01 1.387161e+02 -7.500000e-01
      vertex   -8.775489e+01 1.399922e+02 -7.500000e-01
    endloop
  endfacet
  facet normal 7.557483e-01 6.548597e-01 1.801872e-03
    outer loop
      vertex   -8.674407e+01 1.388178e+02 2.100000e+00
      vertex   -8.775489e+01 1.399922e+02 -7.500000e-01
      vertex   -8.783465e+01 1.400764e+02 2.100000e+00
    endloop
  endfacet
  facet normal 6.945934e-01 7.194002e-01 -1.816935e-03
    outer loop
      vertex   -8.783465e+01 1.400764e+02 2.100000e+00
      vertex   -8.775489e+01 1.399922e+02 -7.500000e-01
      vertex   -8.896227e+01 1.411579e+02 -7.500000e-01
    endloop
  endfacet
  facet normal 6.900781e-01 7.237331e-01 1.613841e-03
    outer loop
      vertex   -8.783465e+01 1.400764e+02 2.100000e+00
      vertex   -8.896227e+01 1.411579e+02 -7.500000e-01
      vertex   -8.903994e+01 1.412256e+02 2.100000e+00
    endloop
  endfacet
  facet normal 6.224854e-01 7.826297e-01 -1.627220e-03
    outer loop
      vertex   -8.903994e+01 1.412256e+02 2.100000e+00
      vertex   -8.896227e+01 1.411579e+02 -7.500000e-01
      vertex   -9.027577e+01 1.422026e+02 -7.500000e-01
    endloop
  endfacet
  facet normal 6.181584e-01 7.860523e-01 1.422442e-03
    outer loop
      vertex   -8.903994e+01 1.412256e+02 2.100000e+00
      vertex   -9.027577e+01 1.422026e+02 -7.500000e-01
      vertex   -9.034900e+01 1.422551e+02 2.100000e+00
    endloop
  endfacet
  facet normal 5.446520e-01 8.386609e-01 -1.434137e-03
    outer loop
      vertex   -9.034900e+01 1.422551e+02 2.100000e+00
      vertex   -9.027577e+01 1.422026e+02 -7.500000e-01
      vertex   -9.168332e+01 1.431167e+02 -7.500000e-01
    endloop
  endfacet
  facet normal 5.406404e-01 8.412529e-01 1.227675e-03
    outer loop
      vertex   -9.034900e+01 1.422551e+02 2.100000e+00
      vertex   -9.168332e+01 1.431167e+02 -7.500000e-01
      vertex   -9.175000e+01 1.431554e+02 2.100000e+00
    endloop
  endfacet
  facet normal 4.618091e-01 8.869785e-01 -1.237686e-03
    outer loop
      vertex   -9.175000e+01 1.431554e+02 2.100000e+00
      vertex   -9.168332e+01 1.431167e+02 -7.500000e-01
      vertex   -9.317195e+01 1.438918e+02 -7.500000e-01
    endloop
  endfacet
  facet normal 4.582263e-01 8.888350e-01 1.029540e-03
    outer loop
      vertex   -9.175000e+01 1.431554e+02 2.100000e+00
      vertex   -9.317195e+01 1.438918e+02 -7.500000e-01
      vertex   -9.323024e+01 1.439186e+02 2.100000e+00
    endloop
  endfacet
  facet normal 3.747185e-01 9.271380e-01 -1.037867e-03
    outer loop
      vertex   -9.323024e+01 1.439186e+02 2.100000e+00
      vertex   -9.317195e+01 1.438918e+02 -7.500000e-01
      vertex   -9.472798e+01 1.445207e+02 -7.500000e-01
    endloop
  endfacet
  facet normal 3.716623e-01 9.283676e-01 8.280372e-04
    outer loop
      vertex   -9.323024e+01 1.439186e+02 2.100000e+00
      vertex   -9.472798e+01 1.445207e+02 -7.500000e-01
      vertex   -9.477631e+01 1.445375e+02 2.100000e+00
    endloop
  endfacet
  facet normal 2.841815e-01 9.587701e-01 -8.346811e-04
    outer loop
      vertex   -9.477631e+01 1.445375e+02 2.100000e+00
      vertex   -9.472798e+01 1.445207e+02 -7.500000e-01
      vertex   -9.633710e+01 1.449977e+02 -7.500000e-01
    endloop
  endfacet
  facet normal 2.817325e-01 9.594928e-01 6.231671e-04
    outer loop
      vertex   -9.477631e+01 1.445375e+02 2.100000e+00
      vertex   -9.633710e+01 1.449977e+02 -7.500000e-01
      vertex   -9.637422e+01 1.450067e+02 2.100000e+00
    endloop
  endfacet
  facet normal 1.910306e-01 9.815839e-01 -6.281272e-04
    outer loop
      vertex   -9.637422e+01 1.450067e+02 2.100000e+00
      vertex   -9.633710e+01 1.449977e+02 -7.500000e-01
      vertex   -9.798451e+01 1.453183e+02 -7.500000e-01
    endloop
  endfacet
  facet normal 1.892512e-01 9.819286e-01 4.149295e-04
    outer loop
      vertex   -9.637422e+01 1.450067e+02 2.100000e+00
      vertex   -9.798451e+01 1.453183e+02 -7.500000e-01
      vertex   -9.800949e+01 1.453219e+02 2.100000e+00
    endloop
  endfacet
  facet normal 9.612266e-02 9.953694e-01 -4.182061e-04
    outer loop
      vertex   -9.800949e+01 1.453219e+02 2.100000e+00
      vertex   -9.798451e+01 1.453183e+02 -7.500000e-01
      vertex   -9.965506e+01 1.454796e+02 -7.500000e-01
    endloop
  endfacet
  facet normal 9.505604e-02 9.954719e-01 2.033247e-04
    outer loop
      vertex   -9.800949e+01 1.453219e+02 2.100000e+00
      vertex   -9.965506e+01 1.454796e+02 -7.500000e-01
      vertex   -9.966732e+01 1.454802e+02 2.100000e+00
    endloop
  endfacet
  facet normal 3.306118e-04 9.999999e-01 -2.049176e-04
    outer loop
      vertex   -9.966732e+01 1.454802e+02 2.100000e+00
      vertex   -9.965506e+01 1.454796e+02 -7.500000e-01
      vertex   -1.013334e+02 1.454801e+02 -7.500000e-01
    endloop
  endfacet
  facet normal 0.000000e+00 1.000000e+00 -1.164734e-05
    outer loop
      vertex   -9.966732e+01 1.454802e+02 2.100000e+00
      vertex   -1.013334e+02 1.454801e+02 -7.500000e-01
      vertex   -1.013327e+02 1.454802e+02 2.100000e+00
    endloop
  endfacet
  facet normal -9.505604e-02 9.954719e-01 1.163760e-05
    outer loop
      vertex   -1.013327e+02 1.454802e+02 2.100000e+00
      vertex   -1.013334e+02 1.454801e+02 -7.500000e-01
      vertex   -1.029905e+02 1.453219e+02 2.100000e+00
    endloop
  endfacet
  facet normal -9.546448e-02 9.954328e-01 -2.280215e-04
    outer loop
      vertex   -1.029905e+02 1.453219e+02 2.100000e+00
      vertex   -1.013334e+02 1.454801e+02 -7.500000e-01
      vertex   -1.030040e+02 1.453199e+02 -7.500000e-01
    endloop
  endfacet
  facet normal -1.892512e-01 9.819287e-01 2.262474e-04
    outer loop
      vertex   -1.029905e+02 1.453219e+02 2.100000e+00
      vertex   -1.030040e+02 1.453199e+02 -7.500000e-01
      vertex   -1.046258e+02 1.450067e+02 2.100000e+00
    endloop
  endfacet
  facet normal -1.903815e-01 9.817101e-01 -4.409477e-04
    outer loop
      vertex   -1.046258e+02 1.450067e+02 2.100000e+00
      vertex   -1.030040e+02 1.453199e+02 -7.500000e-01
      vertex   -1.046517e+02 1.450004e+02 -7.500000e-01
    endloop
  endfacet
  facet normal -2.817325e-01 9.594929e-01 4.374901e-04
    outer loop
      vertex   -1.046258e+02 1.450067e+02 2.100000e+00
      vertex   -1.046517e+02 1.450004e+02 -7.500000e-01
      vertex   -1.062237e+02 1.445375e+02 2.100000e+00
    endloop
  endfacet
  facet normal -2.835475e-01 9.589580e-01 -6.505067e-04
    outer loop
      vertex   -1.062237e+02 1.445375e+02 2.100000e+00
      vertex   -1.046517e+02 1.450004e+02 -7.500000e-01
      vertex   -1.062611e+02 1.445245e+02 -7.500000e-01
    endloop
  endfacet
  facet normal -3.716624e-01 9.283677e-01 6.453654e-04
    outer loop
      vertex   -1.062237e+02 1.445375e+02 2.100000e+00
      vertex   -1.062611e+02 1.445245e+02 -7.500000e-01
      vertex   -1.077698e+02 1.439186e+02 2.100000e+00
    endloop
  endfacet
  facet normal -3.741055e-01 9.273858e-01 -8.566983e-04
    outer loop
      vertex   -1.077698e+02 1.439186e+02 2.100000e+00
      vertex   -1.062611e+02 1.445245e+02 -7.500000e-01
      vertex   -1.078175e+02 1.438967e+02 -7.500000e-01
    endloop
  endfacet
  facet normal -4.582264e-01 8.888351e-01 8.498733e-04
    outer loop
      vertex   -1.077698e+02 1.439186e+02 2.100000e+00
      vertex   -1.078175e+02 1.438967e+02 -7.500000e-01
      vertex   -1.092500e+02 1.431554e+02 2.100000e+00
    endloop
  endfacet
  facet normal -4.612226e-01 8.872838e-01 -1.059522e-03
    outer loop
      vertex   -1.092500e+02 1.431554e+02 2.100000e+00
      vertex   -1.078175e+02 1.438967e+02 -7.500000e-01
      vertex   -1.093067e+02 1.431226e+02 -7.500000e-01
    endloop
  endfacet
  facet normal -5.406405e-01 8.412531e-01 1.051014e-03
    outer loop
      vertex   -1.092500e+02 1.431554e+02 2.100000e+00
      vertex   -1.093067e+02 1.431226e+02 -7.500000e-01
      vertex   -1.106510e+02 1.422551e+02 2.100000e+00
    endloop
  endfacet
  facet normal -5.440975e-01 8.390211e-01 -1.258979e-03
    outer loop
      vertex   -1.106510e+02 1.422551e+02 2.100000e+00
      vertex   -1.093067e+02 1.431226e+02 -7.500000e-01
      vertex   -1.107148e+02 1.422094e+02 -7.500000e-01
    endloop
  endfacet
  facet normal -6.181585e-01 7.860525e-01 1.248786e-03
    outer loop
      vertex   -1.106510e+02 1.422551e+02 2.100000e+00
      vertex   -1.107148e+02 1.422094e+02 -7.500000e-01
      vertex   -1.119601e+02 1.412256e+02 2.100000e+00
    endloop
  endfacet
  facet normal -6.219680e-01 7.830413e-01 -1.455067e-03
    outer loop
      vertex   -1.119601e+02 1.412256e+02 2.100000e+00
      vertex   -1.107148e+02 1.422094e+02 -7.500000e-01
      vertex   -1.120290e+02 1.411655e+02 -7.500000e-01
    endloop
  endfacet
  facet normal -6.900783e-01 7.237333e-01 1.443191e-03
    outer loop
      vertex   -1.119601e+02 1.412256e+02 2.100000e+00
      vertex   -1.120290e+02 1.411655e+02 -7.500000e-01
      vertex   -1.131653e+02 1.400764e+02 2.100000e+00
    endloop
  endfacet
  facet normal -6.941178e-01 7.198595e-01 -1.647788e-03
    outer loop
      vertex   -1.131653e+02 1.400764e+02 2.100000e+00
      vertex   -1.120290e+02 1.411655e+02 -7.500000e-01
      vertex   -1.132372e+02 1.400006e+02 -7.500000e-01
    endloop
  endfacet
  facet normal -7.557486e-01 6.548599e-01 1.634228e-03
    outer loop
      vertex   -1.131653e+02 1.400764e+02 2.100000e+00
      vertex   -1.132372e+02 1.400006e+02 -7.500000e-01
      vertex   -1.142559e+02 1.388178e+02 2.100000e+00
    endloop
  endfacet
  facet normal -7.598834e-01 6.500568e-01 -1.837141e-03
    outer loop
      vertex   -1.142559e+02 1.388178e+02 2.100000e+00
      vertex   -1.132372e+02 1.400006e+02 -7.500000e-01
      vertex   -1.143282e+02 1.387253e+02 -7.500000e-01
    endloop
  endfacet
  facet normal -8.145746e-01 5.800559e-01 1.821897e-03
    outer loop
      vertex   -1.142559e+02 1.388178e+02 2.100000e+00
      vertex   -1.143282e+02 1.387253e+02 -7.500000e-01
      vertex   -1.152219e+02 1.374612e+02 2.100000e+00
    endloop
  endfacet
  facet normal -8.186598e-01 5.742752e-01 -2.023126e-03
    outer loop
      vertex   -1.152219e+02 1.374612e+02 2.100000e+00
      vertex   -1.143282e+02 1.387253e+02 -7.500000e-01
      vertex   -1.152920e+02 1.373513e+02 -7.500000e-01
    endloop
  endfacet
  facet normal -8.660237e-01 4.999990e-01 2.006197e-03
    outer loop
      vertex   -1.152219e+02 1.374612e+02 2.100000e+00
      vertex   -1.152920e+02 1.373513e+02 -7.500000e-01
      vertex   -1.160546e+02 1.360190e+02 2.100000e+00
    endloop
  endfacet
  facet normal -8.699065e-01 4.932117e-01 -2.205742e-03
    outer loop
      vertex   -1.160546e+02 1.360190e+02 2.100000e+00
      vertex   -1.152920e+02 1.373513e+02 -7.500000e-01
      vertex   -1.161198e+02 1.358913e+02 -7.500000e-01
    endloop
  endfacet
  facet normal -9.096298e-01 4.154140e-01 2.187130e-03
    outer loop
      vertex   -1.160546e+02 1.360190e+02 2.100000e+00
      vertex   -1.161198e+02 1.358913e+02 -7.500000e-01
      vertex   -1.167464e+02 1.345041e+02 2.100000e+00
    endloop
  endfacet
  facet normal -9.131522e-01 4.076119e-01 -2.384990e-03
    outer loop
      vertex   -1.167464e+02 1.345041e+02 2.100000e+00
      vertex   -1.161198e+02 1.358913e+02 -7.500000e-01
      vertex   -1.168039e+02 1.343587e+02 -7.500000e-01
    endloop
  endfacet
  facet normal -9.449982e-01 3.270670e-01 2.364694e-03
    outer loop
      vertex   -1.167464e+02 1.345041e+02 2.100000e+00
      vertex   -1.168039e+02 1.343587e+02 -7.500000e-01
      vertex   -1.172911e+02 1.329303e+02 2.100000e+00
    endloop
  endfacet
  facet normal -9.479990e-01 3.182631e-01 -2.560869e-03
    outer loop
      vertex   -1.172911e+02 1.329303e+02 2.100000e+00
      vertex   -1.168039e+02 1.343587e+02 -7.500000e-01
      vertex   -1.173380e+02 1.327677e+02 -7.500000e-01
    endloop
  endfacet
  facet normal -9.718084e-01 2.357582e-01 2.538889e-03
    outer loop
      vertex   -1.172911e+02 1.329303e+02 2.100000e+00
      vertex   -1.173380e+02 1.327677e+02 -7.500000e-01
      vertex   -1.176838e+02 1.313119e+02 2.100000e+00
    endloop
  endfacet
  facet normal -9.741264e-01 2.259872e-01 -2.733380e-03
    outer loop
      vertex   -1.176838e+02 1.313119e+02 2.100000e+00
      vertex   -1.173380e+02 1.327677e+02 -7.500000e-01
      vertex   -1.177173e+02 1.311328e+02 -7.500000e-01
    endloop
  endfacet
  facet normal -9.898178e-01 1.423143e-01 2.709716e-03
    outer loop
      vertex   -1.176838e+02 1.313119e+02 2.100000e+00
      vertex   -1.177173e+02 1.311328e+02 -7.500000e-01
      vertex   -1.179208e+02 1.296635e+02 2.100000e+00
    endloop
  endfacet
  facet normal -9.912943e-01 1.316328e-01 -2.902523e-03
    outer loop
      vertex   -1.179208e+02 1.296635e+02 2.100000e+00
      vertex   -1.177173e+02 1.311328e+02 -7.500000e-01
      vertex   -1.179382e+02 1.294691e+02 -7.500000e-01
    endloop
  endfacet
  facet normal -9.988632e-01 4.758172e-02 2.877174e-03
    outer loop
      vertex   -1.179208e+02 1.296635e+02 2.100000e+00
      vertex   -1.179382e+02 1.294691e+02 -7.500000e-01
      vertex   -1.180000e+02 1.280000e+02 2.100000e+00
    endloop
  endfacet
  facet normal -9.993446e-01 3.606778e-02 -3.068296e-03
    outer loop
      vertex   -1.180000e+02 1.280000e+02 2.100000e+00
      vertex   -1.179382e+02 1.294691e+02 -7.500000e-01
      vertex   -1.179988e+02 1.277918e+02 -7.500000e-01
    endloop
  endfacet
  facet normal -9.988627e-01 -4.758170e-02 3.041263e-03
    outer loop
      vertex   -1.180000e+02 1.280000e+02 2.100000e+00
      vertex   -1.179988e+02 1.277918e+02 -7.500000e-01
      vertex   -1.179208e+02 1.263365e+02 2.100000e+00
    endloop
  endfacet
  facet normal -9.982034e-01 -5.982886e-02 -3.230701e-03
    outer loop
      vertex   -1.179208e+02 1.263365e+02 2.100000e+00
      vertex   -1.179988e+02 1.277918e+02 -7.500000e-01
      vertex   -1.178983e+02 1.261165e+02 -7.500000e-01
    endloop
  endfacet
  facet normal -9.898164e-01 -1.423141e-01 3.201984e-03
    outer loop
      vertex   -1.179208e+02 1.263365e+02 2.100000e+00
      vertex   -1.178983e+02 1.261165e+02 -7.500000e-01
      vertex   -1.176838e+02 1.246881e+02 2.100000e+00
    endloop
  endfacet
  facet normal -9.878812e-01 -1.551751e-01 -3.389737e-03
    outer loop
      vertex   -1.176838e+02 1.246881e+02 2.100000e+00
      vertex   -1.178983e+02 1.261165e+02 -7.500000e-01
      vertex   -1.176379e+02 1.244585e+02 -7.500000e-01
    endloop
  endfacet
  facet normal -9.718061e-01 -2.357576e-01 3.359335e-03
    outer loop
      vertex   -1.176838e+02 1.246881e+02 2.100000e+00
      vertex   -1.176379e+02 1.244585e+02 -7.500000e-01
      vertex   -1.172911e+02 1.230697e+02 2.100000e+00
    endloop
  endfacet
  facet normal -9.684728e-01 -2.490940e-01 -3.545404e-03
    outer loop
      vertex   -1.172911e+02 1.230697e+02 2.100000e+00
      vertex   -1.176379e+02 1.244585e+02 -7.500000e-01
      vertex   -1.172199e+02 1.228331e+02 -7.500000e-01
    endloop
  endfacet
  facet normal -9.449950e-01 -3.270659e-01 3.513318e-03
    outer loop
      vertex   -1.172911e+02 1.230697e+02 2.100000e+00
      vertex   -1.172199e+02 1.228331e+02 -7.500000e-01
      vertex   -1.167464e+02 1.214959e+02 2.100000e+00
    endloop
  endfacet
  facet normal -9.401569e-01 -3.407218e-01 -3.697702e-03
    outer loop
      vertex   -1.167464e+02 1.214959e+02 2.100000e+00
      vertex   -1.172199e+02 1.228331e+02 -7.500000e-01
      vertex   -1.166480e+02 1.212552e+02 -7.500000e-01
    endloop
  endfacet
  facet normal -9.096259e-01 -4.154122e-01 3.663931e-03
    outer loop
      vertex   -1.167464e+02 1.214959e+02 2.100000e+00
      vertex   -1.166480e+02 1.212552e+02 -7.500000e-01
      vertex   -1.160546e+02 1.199810e+02 2.100000e+00
    endloop
  endfacet
  facet normal -9.031938e-01 -4.292157e-01 -3.846630e-03
    outer loop
      vertex   -1.160546e+02 1.199810e+02 2.100000e+00
      vertex   -1.166480e+02 1.212552e+02 -7.500000e-01
      vertex   -1.159276e+02 1.197394e+02 -7.500000e-01
    endloop
  endfacet
  facet normal -8.660191e-01 -4.999964e-01 3.811176e-03
    outer loop
      vertex   -1.160546e+02 1.199810e+02 2.100000e+00
      vertex   -1.159276e+02 1.197394e+02 -7.500000e-01
      vertex   -1.152219e+02 1.185388e+02 2.100000e+00
    endloop
  endfacet
  facet normal -8.579237e-01 -5.137617e-01 -3.992190e-03
    outer loop
      vertex   -1.152219e+02 1.185388e+02 2.100000e+00
      vertex   -1.159276e+02 1.197394e+02 -7.500000e-01
      vertex   -1.150654e+02 1.182995e+02 -7.500000e-01
    endloop
  endfacet
  facet normal -8.145696e-01 -5.800524e-01 3.955050e-03
    outer loop
      vertex   -1.152219e+02 1.185388e+02 2.100000e+00
      vertex   -1.150654e+02 1.182995e+02 -7.500000e-01
      vertex   -1.142559e+02 1.171822e+02 2.100000e+00
    endloop
  endfacet
  facet normal -8.054550e-01 -5.926461e-01 -3.570770e-03
    outer loop
      vertex   -1.142559e+02 1.171822e+02 2.100000e+00
      vertex   -1.150654e+02 1.182995e+02 -7.500000e-01
      vertex   -1.140948e+02 1.169805e+02 -7.500000e-01
    endloop
  endfacet
  facet normal -7.557446e-01 -6.548564e-01 3.642621e-03
    outer loop
      vertex   -1.142559e+02 1.171822e+02 2.100000e+00
      vertex   -1.140948e+02 1.169805e+02 -7.500000e-01
      vertex   -1.131653e+02 1.159236e+02 2.100000e+00
    endloop
  endfacet
  facet normal -7.465314e-01 -6.653423e-01 -3.250605e-03
    outer loop
      vertex   -1.131653e+02 1.159236e+02 2.100000e+00
      vertex   -1.140948e+02 1.169805e+02 -7.500000e-01
      vertex   -1.130053e+02 1.157579e+02 -7.500000e-01
    endloop
  endfacet
  facet normal -6.900752e-01 -7.237301e-01 3.314722e-03
    outer loop
      vertex   -1.131653e+02 1.159236e+02 2.100000e+00
      vertex   -1.130053e+02 1.157579e+02 -7.500000e-01
      vertex   -1.119601e+02 1.147744e+02 2.100000e+00
    endloop
  endfacet
  facet normal -6.810703e-01 -7.322122e-01 -2.914969e-03
    outer loop
      vertex   -1.119601e+02 1.147744e+02 2.100000e+00
      vertex   -1.130053e+02 1.157579e+02 -7.500000e-01
      vertex   -1.118062e+02 1.146426e+02 -7.500000e-01
    endloop
  endfacet
  facet normal -6.181563e-01 -7.860496e-01 2.971352e-03
    outer loop
      vertex   -1.119601e+02 1.147744e+02 2.100000e+00
      vertex   -1.118062e+02 1.146426e+02 -7.500000e-01
      vertex   -1.106510e+02 1.137449e+02 2.100000e+00
    endloop
  endfacet
  facet normal -6.096450e-01 -7.926704e-01 -2.563864e-03
    outer loop
      vertex   -1.106510e+02 1.137449e+02 2.100000e+00
      vertex   -1.118062e+02 1.146426e+02 -7.500000e-01
      vertex   -1.105081e+02 1.136442e+02 -7.500000e-01
    endloop
  endfacet
  facet normal -5.406390e-01 -8.412507e-01 2.612513e-03
    outer loop
      vertex   -1.106510e+02 1.137449e+02 2.100000e+00
      vertex   -1.105081e+02 1.136442e+02 -7.500000e-01
      vertex   -1.092500e+02 1.128446e+02 2.100000e+00
    endloop
  endfacet
  facet normal -5.328810e-01 -8.461873e-01 -2.197291e-03
    outer loop
      vertex   -1.092500e+02 1.128446e+02 2.100000e+00
      vertex   -1.105081e+02 1.136442e+02 -7.500000e-01
      vertex   -1.091224e+02 1.127716e+02 -7.500000e-01
    endloop
  endfacet
  facet normal -4.582254e-01 -8.888332e-01 2.238206e-03
    outer loop
      vertex   -1.092500e+02 1.128446e+02 2.100000e+00
      vertex   -1.091224e+02 1.127716e+02 -7.500000e-01
      vertex   -1.077698e+02 1.120814e+02 2.100000e+00
    endloop
  endfacet
  facet normal -4.514505e-01 -8.922943e-01 -1.815249e-03
    outer loop
      vertex   -1.077698e+02 1.120814e+02 2.100000e+00
      vertex   -1.091224e+02 1.127716e+02 -7.500000e-01
      vertex   -1.076611e+02 1.120323e+02 -7.500000e-01
    endloop
  endfacet
  facet normal -3.716618e-01 -9.283663e-01 1.848432e-03
    outer loop
      vertex   -1.077698e+02 1.120814e+02 2.100000e+00
      vertex   -1.076611e+02 1.120323e+02 -7.500000e-01
      vertex   -1.062237e+02 1.114625e+02 2.100000e+00
    endloop
  endfacet
  facet normal -3.660665e-01 -9.305876e-01 -1.417741e-03
    outer loop
      vertex   -1.062237e+02 1.114625e+02 2.100000e+00
      vertex   -1.076611e+02 1.120323e+02 -7.500000e-01
      vertex   -1.061372e+02 1.114328e+02 -7.500000e-01
    endloop
  endfacet
  facet normal -2.817323e-01 -9.594920e-01 1.443191e-03
    outer loop
      vertex   -1.062237e+02 1.114625e+02 2.100000e+00
      vertex   -1.061372e+02 1.114328e+02 -7.500000e-01
      vertex   -1.046258e+02 1.109933e+02 2.100000e+00
    endloop
  endfacet
  facet normal -2.774768e-01 -9.607318e-01 -1.004768e-03
    outer loop
      vertex   -1.046258e+02 1.109933e+02 2.100000e+00
      vertex   -1.061372e+02 1.114328e+02 -7.500000e-01
      vertex   -1.045639e+02 1.109784e+02 -7.500000e-01
    endloop
  endfacet
  facet normal -1.892511e-01 -9.819282e-01 1.022486e-03
    outer loop
      vertex   -1.046258e+02 1.109933e+02 2.100000e+00
      vertex   -1.045639e+02 1.109784e+02 -7.500000e-01
      vertex   -1.029905e+02 1.106781e+02 2.100000e+00
    endloop
  endfacet
  facet normal -1.864571e-01 -9.824629e-01 -5.763296e-04
    outer loop
      vertex   -1.029905e+02 1.106781e+02 2.100000e+00
      vertex   -1.045639e+02 1.109784e+02 -7.500000e-01
      vertex   -1.029550e+02 1.106731e+02 -7.500000e-01
    endloop
  endfacet
  facet normal -9.505603e-02 -9.954718e-01 5.863161e-04
    outer loop
      vertex   -1.029905e+02 1.106781e+02 2.100000e+00
      vertex   -1.029550e+02 1.106731e+02 -7.500000e-01
      vertex   -1.013327e+02 1.105198e+02 2.100000e+00
    endloop
  endfacet
  facet normal -9.380459e-02 -9.955906e-01 -1.324286e-04
    outer loop
      vertex   -1.013327e+02 1.105198e+02 2.100000e+00
      vertex   -1.029550e+02 1.106731e+02 -7.500000e-01
      vertex   -1.013246e+02 1.105194e+02 -7.500000e-01
    endloop
  endfacet
  facet normal -3.306118e-04 -9.999999e-01 1.337447e-04
    outer loop
      vertex   -1.013327e+02 1.105198e+02 2.100000e+00
      vertex   -1.013246e+02 1.105194e+02 -7.500000e-01
      vertex   -9.968697e+01 1.105189e+02 -7.500000e-01
    endloop
  endfacet
  facet normal 9.981632e-01 -6.048885e-02 -3.372792e-03
    outer loop
      vertex   -8.300138e+01 1.277803e+02 -7.500000e-01
      vertex   -8.307924e+01 1.263365e+02 2.100000e+00
      vertex   -8.310290e+01 1.261050e+02 -7.500000e-01
    endloop
  endfacet
  facet normal 9.898159e-01 -1.423140e-01 3.342572e-03
    outer loop
      vertex   -8.310290e+01 1.261050e+02 -7.500000e-01
      vertex   -8.307924e+01 1.263365e+02 2.100000e+00
      vertex   -8.331625e+01 1.246881e+02 2.100000e+00
    endloop
  endfacet
  facet normal 9.877779e-01 -1.558282e-01 -3.528821e-03
    outer loop
      vertex   -8.310290e+01 1.261050e+02 -7.500000e-01
      vertex   -8.331625e+01 1.246881e+02 2.100000e+00
      vertex   -8.336443e+01 1.244472e+02 -7.500000e-01
    endloop
  endfacet
  facet normal 9.718056e-01 -2.357575e-01 3.496917e-03
    outer loop
      vertex   -8.336443e+01 1.244472e+02 -7.500000e-01
      vertex   -8.331625e+01 1.246881e+02 2.100000e+00
      vertex   -8.370887e+01 1.230697e+02 2.100000e+00
    endloop
  endfacet
  facet normal 9.683074e-01 -2.497342e-01 -3.681482e-03
    outer loop
      vertex   -8.336443e+01 1.244472e+02 -7.500000e-01
      vertex   -8.370887e+01 1.230697e+02 2.100000e+00
      vertex   -8.378357e+01 1.228221e+02 -7.500000e-01
    endloop
  endfacet
  facet normal 9.449945e-01 -3.270658e-01 3.647892e-03
    outer loop
      vertex   -8.378357e+01 1.228221e+02 -7.500000e-01
      vertex   -8.370887e+01 1.230697e+02 2.100000e+00
      vertex   -8.425356e+01 1.214959e+02 2.100000e+00
    endloop
  endfacet
  facet normal 9.399309e-01 -3.413432e-01 -3.830773e-03
    outer loop
      vertex   -8.378357e+01 1.228221e+02 -7.500000e-01
      vertex   -8.425356e+01 1.214959e+02 2.100000e+00
      vertex   -8.435645e+01 1.212446e+02 -7.500000e-01
    endloop
  endfacet
  facet normal 9.096254e-01 -4.154120e-01 3.795499e-03
    outer loop
      vertex   -8.435645e+01 1.212446e+02 -7.500000e-01
      vertex   -8.425356e+01 1.214959e+02 2.100000e+00
      vertex   -8.494538e+01 1.199810e+02 2.100000e+00
    endloop
  endfacet
  facet normal 9.029094e-01 -4.298126e-01 -3.976694e-03
    outer loop
      vertex   -8.435645e+01 1.212446e+02 -7.500000e-01
      vertex   -8.494538e+01 1.199810e+02 2.100000e+00
      vertex   -8.507782e+01 1.197292e+02 -7.500000e-01
    endloop
  endfacet
  facet normal 8.660187e-01 -4.999961e-01 3.939736e-03
    outer loop
      vertex   -8.507782e+01 1.197292e+02 -7.500000e-01
      vertex   -8.494538e+01 1.199810e+02 2.100000e+00
      vertex   -8.577806e+01 1.185388e+02 2.100000e+00
    endloop
  endfacet
  facet normal 8.575833e-01 -5.143286e-01 -4.119247e-03
    outer loop
      vertex   -8.507782e+01 1.197292e+02 -7.500000e-01
      vertex   -8.577806e+01 1.185388e+02 2.100000e+00
      vertex   -8.594104e+01 1.182899e+02 -7.500000e-01
    endloop
  endfacet
  facet normal 8.145692e-01 -5.800521e-01 4.080604e-03
    outer loop
      vertex   -8.594104e+01 1.182899e+02 -7.500000e-01
      vertex   -8.577806e+01 1.185388e+02 2.100000e+00
      vertex   -8.674407e+01 1.171822e+02 2.100000e+00
    endloop
  endfacet
  facet normal 8.050626e-01 -5.931783e-01 -3.699546e-03
    outer loop
      vertex   -8.594104e+01 1.182899e+02 -7.500000e-01
      vertex   -8.674407e+01 1.171822e+02 2.100000e+00
      vertex   -8.691244e+01 1.169715e+02 -7.500000e-01
    endloop
  endfacet
  facet normal 7.557442e-01 -6.548561e-01 3.774619e-03
    outer loop
      vertex   -8.691244e+01 1.169715e+02 -7.500000e-01
      vertex   -8.674407e+01 1.171822e+02 2.100000e+00
      vertex   -8.783465e+01 1.159236e+02 2.100000e+00
    endloop
  endfacet
  facet normal 7.460909e-01 -6.658354e-01 -3.385824e-03
    outer loop
      vertex   -8.691244e+01 1.169715e+02 -7.500000e-01
      vertex   -8.783465e+01 1.159236e+02 2.100000e+00
      vertex   -8.800283e+01 1.157497e+02 -7.500000e-01
    endloop
  endfacet
  facet normal 6.900749e-01 -7.237297e-01 3.453162e-03
    outer loop
      vertex   -8.800283e+01 1.157497e+02 -7.500000e-01
      vertex   -8.783465e+01 1.159236e+02 2.100000e+00
      vertex   -8.903994e+01 1.147744e+02 2.100000e+00
    endloop
  endfacet
  facet normal 6.805857e-01 -7.326621e-01 -3.056631e-03
    outer loop
      vertex   -8.800283e+01 1.157497e+02 -7.500000e-01
      vertex   -8.903994e+01 1.147744e+02 2.100000e+00
      vertex   -8.920265e+01 1.146351e+02 -7.500000e-01
    endloop
  endfacet
  facet normal 6.181560e-01 -7.860493e-01 3.116235e-03
    outer loop
      vertex   -8.920265e+01 1.146351e+02 -7.500000e-01
      vertex   -8.903994e+01 1.147744e+02 2.100000e+00
      vertex   -9.034900e+01 1.137449e+02 2.100000e+00
    endloop
  endfacet
  facet normal 6.091205e-01 -7.930730e-01 -2.711969e-03
    outer loop
      vertex   -8.920265e+01 1.146351e+02 -7.500000e-01
      vertex   -9.034900e+01 1.137449e+02 2.100000e+00
      vertex   -9.050140e+01 1.136376e+02 -7.500000e-01
    endloop
  endfacet
  facet normal 5.406388e-01 -8.412503e-01 2.763838e-03
    outer loop
      vertex   -9.050140e+01 1.136376e+02 -7.500000e-01
      vertex   -9.034900e+01 1.137449e+02 2.100000e+00
      vertex   -9.175000e+01 1.128446e+02 2.100000e+00
    endloop
  endfacet
  facet normal 5.323212e-01 -8.465392e-01 -2.351837e-03
    outer loop
      vertex   -9.050140e+01 1.136376e+02 -7.500000e-01
      vertex   -9.175000e+01 1.128446e+02 2.100000e+00
      vertex   -9.188771e+01 1.127659e+02 -7.500000e-01
    endloop
  endfacet
  facet normal 4.582252e-01 -8.888329e-01 2.395973e-03
    outer loop
      vertex   -9.188771e+01 1.127659e+02 -7.500000e-01
      vertex   -9.175000e+01 1.128446e+02 2.100000e+00
      vertex   -9.323024e+01 1.120814e+02 2.100000e+00
    endloop
  endfacet
  facet normal 4.508602e-01 -8.925924e-01 -1.976237e-03
    outer loop
      vertex   -9.188771e+01 1.127659e+02 -7.500000e-01
      vertex   -9.323024e+01 1.120814e+02 2.100000e+00
      vertex   -9.334943e+01 1.120275e+02 -7.500000e-01
    endloop
  endfacet
  facet normal 3.716617e-01 -9.283661e-01 2.012640e-03
    outer loop
      vertex   -9.334943e+01 1.120275e+02 -7.500000e-01
      vertex   -9.323024e+01 1.120814e+02 2.100000e+00
      vertex   -9.477631e+01 1.114625e+02 2.100000e+00
    endloop
  endfacet
  facet normal 3.654510e-01 -9.308292e-01 -1.585171e-03
    outer loop
      vertex   -9.334943e+01 1.120275e+02 -7.500000e-01
      vertex   -9.477631e+01 1.114625e+02 2.100000e+00
      vertex   -9.487377e+01 1.114291e+02 -7.500000e-01
    endloop
  endfacet
  facet normal 2.817322e-01 -9.594917e-01 1.613841e-03
    outer loop
      vertex   -9.487377e+01 1.114291e+02 -7.500000e-01
      vertex   -9.477631e+01 1.114625e+02 2.100000e+00
      vertex   -9.637422e+01 1.109933e+02 2.100000e+00
    endloop
  endfacet
  facet normal 2.768414e-01 -9.609149e-01 -1.178638e-03
    outer loop
      vertex   -9.487377e+01 1.114291e+02 -7.500000e-01
      vertex   -9.637422e+01 1.109933e+02 2.100000e+00
      vertex   -9.644738e+01 1.109757e+02 -7.500000e-01
    endloop
  endfacet
  facet normal 1.892511e-01 -9.819280e-01 1.199576e-03
    outer loop
      vertex   -9.644738e+01 1.109757e+02 -7.500000e-01
      vertex   -9.637422e+01 1.109933e+02 2.100000e+00
      vertex   -9.800949e+01 1.106781e+02 2.100000e+00
    endloop
  endfacet
  facet normal 1.858074e-01 -9.825859e-01 -7.566401e-04
    outer loop
      vertex   -9.644738e+01 1.109757e+02 -7.500000e-01
      vertex   -9.800949e+01 1.106781e+02 2.100000e+00
      vertex   -9.805648e+01 1.106714e+02 -7.500000e-01
    endloop
  endfacet
  facet normal 9.505602e-02 -9.954716e-01 7.698465e-04
    outer loop
      vertex   -9.805648e+01 1.106714e+02 -7.500000e-01
      vertex   -9.800949e+01 1.106781e+02 2.100000e+00
      vertex   -9.966732e+01 1.105198e+02 2.100000e+00
    endloop
  endfacet
  facet normal 9.314625e-02 -9.956524e-01 -3.191789e-04
    outer loop
      vertex   -9.805648e+01 1.106714e+02 -7.500000e-01
      vertex   -9.966732e+01 1.105198e+02 2.100000e+00
      vertex   -9.968697e+01 1.105189e+02 -7.500000e-01
    endloop
  endfacet
  facet normal 0.000000e+00 -9.999999e-01 3.246540e-04
    outer loop
      vertex   -9.968697e+01 1.105189e+02 -7.500000e-01
      vertex   -9.966732e+01 1.105198e+02 2.100000e+00
      vertex   -1.013327e+02 1.105198e+02 2.100000e+00
    endloop
  endfacet
  facet normal 0.000000e+00 0.000000e+00 1.000000e+00
    outer loop
      vertex   -8.307924e+01 1.296635e+02 2.100000e+00
      vertex   -1.179208e+02 1.296635e+02 2.100000e+00
      vertex   -8.300000e+01 1.280000e+02 2.100000e+00
    endloop
  endfacet
  facet normal 0.000000e+00 0.000000e+00 1.000000e+00
    outer loop
      vertex   -8.300000e+01 1.280000e+02 2.100000e+00
      vertex   -1.179208e+02 1.296635e+02 2.100000e+00
      vertex   -1.180000e+02 1.280000e+02 2.100000e+00
    endloop
  endfacet
  facet normal 0.000000e+00 0.000000e+00 1.000000e+00
    outer loop
      vertex   -8.300000e+01 1.280000e+02 2.100000e+00
      vertex   -1.180000e+02 1.280000e+02 2.100000e+00
      vertex   -8.307924e+01 1.263365e+02 2.100000e+00
    endloop
  endfacet
  facet normal 0.000000e+00 0.000000e+00 1.000000e+00
    outer loop
      vertex   -8.307924e+01 1.263365e+02 2.100000e+00
      vertex   -1.180000e+02 1.280000e+02 2.100000e+00
      vertex   -1.179208e+02 1.263365e+02 2.100000e+00
    endloop
  endfacet
  facet normal 0.000000e+00 0.000000e+00 1.000000e+00
    outer loop
      vertex   -8.307924e+01 1.263365e+02 2.100000e+00
      vertex   -1.179208e+02 1.263365e+02 2.100000e+00
      vertex   -8.331625e+01 1.246881e+02 2.100000e+00
    endloop
  endfacet
  facet normal 0.000000e+00 0.000000e+00 1.000000e+00
    outer loop
      vertex   -8.331625e+01 1.246881e+02 2.100000e+00
      vertex   -1.179208e+02 1.263365e+02 2.100000e+00
      vertex   -1.176838e+02 1.246881e+02 2.100000e+00
    endloop
  endfacet
  facet normal 0.000000e+00 0.000000e+00 1.000000e+00
    outer loop
      vertex   -8.331625e+01 1.246881e+02 2.100000e+00
      vertex   -1.176838e+02 1.246881e+02 2.100000e+00
      vertex   -8.370887e+01 1.230697e+02 2.100000e+00
    endloop
  endfacet
  facet normal 0.000000e+00 0.000000e+00 1.000000e+00
    outer loop
      vertex   -8.370887e+01 1.230697e+02 2.100000e+00
      vertex   -1.176838e+02 1.246881e+02 2.100000e+00
      vertex   -1.172911e+02 1.230697e+02 2.100000e+00
    endloop
  endfacet
  facet normal 0.000000e+00 0.000000e+00 1.000000e+00
    outer loop
      vertex   -8.370887e+01 1.230697e+02 2.100000e+00
      vertex   -1.172911e+02 1.230697e+02 2.100000e+00
      vertex   -8.425356e+01 1.214959e+02 2.100000e+00
    endloop
  endfacet
  facet normal 0.000000e+00 0.000000e+00 1.000000e+00
    outer loop
      vertex   -8.425356e+01 1.214959e+02 2.100000e+00
      vertex   -1.172911e+02 1.230697e+02 2.100000e+00
      vertex   -1.167464e+02 1.214959e+02 2.100000e+00
    endloop
  endfacet
  facet normal 0.000000e+00 0.000000e+00 1.000000e+00
    outer loop
      vertex   -8.425356e+01 1.214959e+02 2.100000e+00
      vertex   -1.167464e+02 1.214959e+02 2.100000e+00
      vertex   -8.494538e+01 1.199810e+02 2.100000e+00
    endloop
  endfacet
  facet normal 0.000000e+00 0.000000e+00 1.000000e+00
    outer loop
      vertex   -8.494538e+01 1.199810e+02 2.100000e+00
      vertex   -1.167464e+02 1.214959e+02 2.100000e+00
      vertex   -1.160546e+02 1.199810e+02 2.100000e+00
    endloop
  endfacet
  facet normal 0.000000e+00 0.000000e+00 1.000000e+00
    outer loop
      vertex   -8.494538e+01 1.199810e+02 2.100000e+00
      vertex   -1.160546e+02 1.199810e+02 2.100000e+00
      vertex   -8.577806e+01 1.185388e+02 2.100000e+00
    endloop
  endfacet
  facet normal 0.000000e+00 0.000000e+00 1.000000e+00
    outer loop
      vertex   -8.577806e+01 1.185388e+02 2.100000e+00
      vertex   -1.160546e+02 1.199810e+02 2.100000e+00
      vertex   -1.152219e+02 1.185388e+02 2.100000e+00
    endloop
  endfacet
  facet normal 0.000000e+00 0.000000e+00 1.000000e+00
    outer loop
      vertex   -8.577806e+01 1.185388e+02 2.100000e+00
      vertex   -1.152219e+02 1.185388e+02 2.100000e+00
      vertex   -8.674407e+01 1.171822e+02 2.100000e+00
    endloop
  endfacet
  facet normal 0.000000e+00 0.000000e+00 1.000000e+00
    outer loop
      vertex   -8.674407e+01 1.171822e+02 2.100000e+00
      vertex   -1.152219e+02 1.185388e+02 2.100000e+00
      vertex   -1.142559e+02 1.171822e+02 2.100000e+00
    endloop
  endfacet
  facet normal 0.000000e+00 0.000000e+00 1.000000e+00
    outer loop
      vertex   -8.674407e+01 1.171822e+02 2.100000e+00
      vertex   -1.142559e+02 1.171822e+02 2.100000e+00
      vertex   -8.783465e+01 1.159236e+02 2.100000e+00
    endloop
  endfacet
  facet normal 0.000000e+00 0.000000e+00 1.000000e+00
    outer loop
      vertex   -8.783465e+01 1.159236e+02 2.100000e+00
      vertex   -1.142559e+02 1.171822e+02 2.100000e+00
      vertex   -1.131653e+02 1.159236e+02 2.100000e+00
    endloop
  endfacet
  facet normal 0.000000e+00 0.000000e+00 1.000000e+00
    outer loop
      vertex   -8.783465e+01 1.159236e+02 2.100000e+00
      vertex   -1.131653e+02 1.159236e+02 2.100000e+00
      vertex   -8.903994e+01 1.147744e+02 2.100000e+00
    endloop
  endfacet
  facet normal 0.000000e+00 0.000000e+00 1.000000e+00
    outer loop
      vertex   -8.903994e+01 1.147744e+02 2.100000e+00
      vertex   -1.131653e+02 1.159236e+02 2.100000e+00
      vertex   -1.119601e+02 1.147744e+02 2.100000e+00
    endloop
  endfacet
  facet normal 0.000000e+00 0.000000e+00 1.000000e+00
    outer loop
      vertex   -8.903994e+01 1.147744e+02 2.100000e+00
      vertex   -1.119601e+02 1.147744e+02 2.100000e+00
      vertex   -9.034900e+01 1.137449e+02 2.100000e+00
    endloop
  endfacet
  facet normal 0.000000e+00 0.000000e+00 1.000000e+00
    outer loop
      vertex   -9.034900e+01 1.137449e+02 2.100000e+00
      vertex   -1.119601e+02 1.147744e+02 2.100000e+00
      vertex   -1.106510e+02 1.137449e+02 2.100000e+00
    endloop
  endfacet
  facet normal 0.000000e+00 0.000000e+00 1.000000e+00
    outer loop
      vertex   -9.034900e+01 1.137449e+02 2.100000e+00
      vertex   -1.106510e+02 1.137449e+02 2.100000e+00
      vertex   -9.175000e+01 1.128446e+02 2.100000e+00
    endloop
  endfacet
  facet normal 0.000000e+00 0.000000e+00 1.000000e+00
    outer loop
      vertex   -9.175000e+01 1.128446e+02 2.100000e+00
      vertex   -1.106510e+02 1.137449e+02 2.100000e+00
      vertex   -1.092500e+02 1.128446e+02 2.100000e+00
    endloop
  endfacet
  facet normal 0.000000e+00 0.000000e+00 1.000000e+00
    outer loop
      vertex   -9.175000e+01 1.128446e+02 2.100000e+00
      vertex   -1.092500e+02 1.128446e+02 2.100000e+00
      vertex   -9.323024e+01 1.120814e+02 2.100000e+00
    endloop
  endfacet
  facet normal 0.000000e+00 0.000000e+00 1.000000e+00
    outer loop
      vertex   -9.323024e+01 1.120814e+02 2.100000e+00
      vertex   -1.092500e+02 1.128446e+02 2.100000e+00
      vertex   -1.077698e+02 1.120814e+02 2.100000e+00
    endloop
  endfacet
  facet normal 0.000000e+00 0.000000e+00 1.000000e+00
    outer loop
      vertex   -9.323024e+01 1.120814e+02 2.100000e+00
      vertex   -1.077698e+02 1.120814e+02 2.100000e+00
      vertex   -9.477631e+01 1.114625e+02 2.100000e+00
    endloop
  endfacet
  facet normal 0.000000e+00 0.000000e+00 1.000000e+00
    outer loop
      vertex   -9.477631e+01 1.114625e+02 2.100000e+00
      vertex   -1.077698e+02 1.120814e+02 2.100000e+00
      vertex   -1.062237e+02 1.114625e+02 2.100000e+00
    endloop
  endfacet
  facet normal 0.000000e+00 0.000000e+00 1.000000e+00
    outer loop
      vertex   -9.477631e+01 1.114625e+02 2.100000e+00
      vertex   -1.062237e+02 1.114625e+02 2.100000e+00
      vertex   -9.637422e+01 1.109933e+02 2.100000e+00
    endloop
  endfacet
  facet normal 0.000000e+00 0.000000e+00 1.000000e+00
    outer loop
      vertex   -9.637422e+01 1.109933e+02 2.100000e+00
      vertex   -1.062237e+02 1.114625e+02 2.100000e+00
      vertex   -1.046258e+02 1.109933e+02 2.100000e+00
    endloop
  endfacet
  facet normal 0.000000e+00 0.000000e+00 1.000000e+00
    outer loop
      vertex   -9.637422e+01 1.109933e+02 2.100000e+00
      vertex   -1.046258e+02 1.109933e+02 2.100000e+00
      vertex   -9.800949e+01 1.106781e+02 2.100000e+00
    endloop
  endfacet
  facet normal 0.000000e+00 0.000000e+00 1.000000e+00
    outer loop
      vertex   -9.800949e+01 1.106781e+02 2.100000e+00
      vertex   -1.046258e+02 1.109933e+02 2.100000e+00
      vertex   -1.029905e+02 1.106781e+02 2.100000e+00
    endloop
  endfacet
  facet normal 0.000000e+00 0.000000e+00 1.000000e+00
    outer loop
      vertex   -9.800949e+01 1.106781e+02 2.100000e+00
      vertex   -1.029905e+02 1.106781e+02 2.100000e+00
      vertex   -9.966732e+01 1.105198e+02 2.100000e+00
    endloop
  endfacet
  facet normal 0.000000e+00 0.000000e+00 1.000000e+00
    outer loop
      vertex   -9.966732e+01 1.105198e+02 2.100000e+00
      vertex   -1.029905e+02 1.106781e+02 2.100000e+00
      vertex   -1.013327e+02 1.105198e+02 2.100000e+00
    endloop
  endfacet
  facet normal 0.000000e+00 0.000000e+00 1.000000e+00
    outer loop
      vertex   -1.179208e+02 1.296635e+02 2.100000e+00
      vertex   -8.307924e+01 1.296635e+02 2.100000e+00
      vertex   -1.176838e+02 1.313119e+02 2.100000e+00
    endloop
  endfacet
  facet normal -0.000000e+00 0.000000e+00 1.000000e+00
    outer loop
      vertex   -1.176838e+02 1.313119e+02 2.100000e+00
      vertex   -8.307924e+01 1.296635e+02 2.100000e+00
      vertex   -8.331625e+01 1.313119e+02 2.100000e+00
    endloop
  endfacet
  facet normal 0.000000e+00 0.000000e+00 1.000000e+00
    outer loop
      vertex   -1.176838e+02 1.313119e+02 2.100000e+00
      vertex   -8.331625e+01 1.313119e+02 2.100000e+00
      vertex   -1.172911e+02 1.329303e+02 2.100000e+00
    endloop
  endfacet
  facet normal -0.000000e+00 0.000000e+00 1.000000e+00
    outer loop
      vertex   -1.172911e+02 1.329303e+02 2.100000e+00
      vertex   -8.331625e+01 1.313119e+02 2.100000e+00
      vertex   -8.370887e+01 1.329303e+02 2.100000e+00
    endloop
  endfacet
  facet normal 0.000000e+00 0.000000e+00 1.000000e+00
    outer loop
      vertex   -1.172911e+02 1.329303e+02 2.100000e+00
      vertex   -8.370887e+01 1.329303e+02 2.100000e+00
      vertex   -1.167464e+02 1.345041e+02 2.100000e+00
    endloop
  endfacet
  facet normal -0.000000e+00 0.000000e+00 1.000000e+00
    outer loop
      vertex   -1.167464e+02 1.345041e+02 2.100000e+00
      vertex   -8.370887e+01 1.329303e+02 2.100000e+00
      vertex   -8.425356e+01 1.345041e+02 2.100000e+00
    endloop
  endfacet
  facet normal 0.000000e+00 0.000000e+00 1.000000e+00
    outer loop
      vertex   -1.167464e+02 1.345041e+02 2.100000e+00
      vertex   -8.425356e+01 1.345041e+02 2.100000e+00
      vertex   -1.160546e+02 1.360190e+02 2.100000e+00
    endloop
  endfacet
  facet normal -0.000000e+00 0.000000e+00 1.000000e+00
    outer loop
      vertex   -1.160546e+02 1.360190e+02 2.100000e+00
      vertex   -8.425356e+01 1.345041e+02 2.100000e+00
      vertex   -8.494538e+01 1.360190e+02 2.100000e+00
    endloop
  endfacet
  facet normal 0.000000e+00 0.000000e+00 1.000000e+00
    outer loop
      vertex   -1.160546e+02 1.360190e+02 2.100000e+00
      vertex   -8.494538e+01 1.360190e+02 2.100000e+00
      vertex   -1.152219e+02 1.374612e+02 2.100000e+00
    endloop
  endfacet
  facet normal -0.000000e+00 0.000000e+00 1.000000e+00
    outer loop
      vertex   -1.152219e+02 1.374612e+02 2.100000e+00
      vertex   -8.494538e+01 1.360190e+02 2.100000e+00
      vertex   -8.577806e+01 1.374612e+02 2.100000e+00
    endloop
  endfacet
  facet normal 0.000000e+00 0.000000e+00 1.000000e+00
    outer loop
      vertex   -1.152219e+02 1.374612e+02 2.100000e+00
      vertex   -8.577806e+01 1.374612e+02 2.100000e+00
      vertex   -1.142559e+02 1.388178e+02 2.100000e+00
    endloop
  endfacet
  facet normal -0.000000e+00 0.000000e+00 1.000000e+00
    outer loop
      vertex   -1.142559e+02 1.388178e+02 2.100000e+00
      vertex   -8.577806e+01 1.374612e+02 2.100000e+00
      vertex   -8.674407e+01 1.388178e+02 2.100000e+00
    endloop
  endfacet
  facet normal 0.000000e+00 0.000000e+00 1.000000e+00
    outer loop
      vertex   -1.142559e+02 1.388178e+02 2.100000e+00
      vertex   -8.674407e+01 1.388178e+02 2.100000e+00
      vertex   -1.131653e+02 1.400764e+02 2.100000e+00
    endloop
  endfacet
  facet normal -0.000000e+00 0.000000e+00 1.000000e+00
    outer loop
      vertex   -1.131653e+02 1.400764e+02 2.100000e+00
      vertex   -8.674407e+01 1.388178e+02 2.100000e+00
      vertex   -8.783465e+01 1.400764e+02 2.100000e+00
    endloop
  endfacet
  facet normal 0.000000e+00 0.000000e+00 1.000000e+00
    outer loop
      vertex   -1.131653e+02 1.400764e+02 2.100000e+00
      vertex   -8.783465e+01 1.400764e+02 2.100000e+00
      vertex   -1.119601e+02 1.412256e+02 2.100000e+00
    endloop
  endfacet
  facet normal -0.000000e+00 0.000000e+00 1.000000e+00
    outer loop
      vertex   -1.119601e+02 1.412256e+02 2.100000e+00
      vertex   -8.783465e+01 1.400764e+02 2.100000e+00
      vertex   -8.903994e+01 1.412256e+02 2.100000e+00
    endloop
  endfacet
  facet normal 0.000000e+00 0.000000e+00 1.000000e+00
    outer loop
      vertex   -1.119601e+02 1.412256e+02 2.100000e+00
      vertex   -8.903994e+01 1.412256e+02 2.100000e+00
      vertex   -1.106510e+02 1.422551e+02 2.100000e+00
    endloop
  endfacet
  facet normal -0.000000e+00 0.000000e+00 1.000000e+00
    outer loop
      vertex   -1.106510e+02 1.422551e+02 2.100000e+00
      vertex   -8.903994e+01 1.412256e+02 2.100000e+00
      vertex   -9.034900e+01 1.422551e+02 2.100000e+00
    endloop
  endfacet
  facet normal 0.000000e+00 0.000000e+00 1.000000e+00
    outer loop
      vertex   -1.106510e+02 1.422551e+02 2.100000e+00
      vertex   -9.034900e+01 1.422551e+02 2.100000e+00
      vertex   -1.092500e+02 1.431554e+02 2.100000e+00
    endloop
  endfacet
  facet normal -0.000000e+00 0.000000e+00 1.000000e+00
    outer loop
      vertex   -1.092500e+02 1.431554e+02 2.100000e+00
      vertex   -9.034900e+01 1.422551e+02 2.100000e+00
      vertex   -9.175000e+01 1.431554e+02 2.100000e+00
    endloop
  endfacet
  facet normal 0.000000e+00 0.000000e+00 1.000000e+00
    outer loop
      vertex   -1.092500e+02 1.431554e+02 2.100000e+00
      vertex   -9.175000e+01 1.431554e+02 2.100000e+00
      vertex   -1.077698e+02 1.439186e+02 2.100000e+00
    endloop
  endfacet
  facet normal -0.000000e+00 0.000000e+00 1.000000e+00
    outer loop
      vertex   -1.077698e+02 1.439186e+02 2.100000e+00
      vertex   -9.175000e+01 1.431554e+02 2.100000e+00
      vertex   -9.323024e+01 1.439186e+02 2.100000e+00
    endloop
  endfacet
  facet normal 0.000000e+00 0.000000e+00 1.000000e+00
    outer loop
      vertex   -1.077698e+02 1.439186e+02 2.100000e+00
      vertex   -9.323024e+01 1.439186e+02 2.100000e+00
      vertex   -1.062237e+02 1.445375e+02 2.100000e+00
    endloop
  endfacet
  facet normal -0.000000e+00 0.000000e+00 1.000000e+00
    outer loop
      vertex   -1.062237e+02 1.445375e+02 2.100000e+00
      vertex   -9.323024e+01 1.439186e+02 2.100000e+00
      vertex   -9.477631e+01 1.445375e+02 2.100000e+00
    endloop
  endfacet
  facet normal 0.000000e+00 0.000000e+00 1.000000e+00
    outer loop
      vertex   -1.062237e+02 1.445375e+02 2.100000e+00
      vertex   -9.477631e+01 1.445375e+02 2.100000e+00
      vertex   -1.046258e+02 1.450067e+02 2.100000e+00
    endloop
  endfacet
  facet normal -0.000000e+00 0.000000e+00 1.000000e+00
    outer loop
      vertex   -1.046258e+02 1.450067e+02 2.100000e+00
      vertex   -9.477631e+01 1.445375e+02 2.100000e+00
      vertex   -9.637422e+01 1.450067e+02 2.100000e+00
    endloop
  endfacet
  facet normal 0.000000e+00 0.000000e+00 1.000000e+00
    outer loop
      vertex   -1.046258e+02 1.450067e+02 2.100000e+00
      vertex   -9.637422e+01 1.450067e+02 2.100000e+00
      vertex   -1.029905e+02 1.453219e+02 2.100000e+00
    endloop
  endfacet
  facet normal -0.000000e+00 0.000000e+00 1.000000e+00
    outer loop
      vertex   -1.029905e+02 1.453219e+02 2.100000e+00
      vertex   -9.637422e+01 1.450067e+02 2.100000e+00
      vertex   -9.800949e+01 1.453219e+02 2.100000e+00
    endloop
  endfacet
  facet normal 0.000000e+00 0.000000e+00 1.000000e+00
    outer loop
      vertex   -1.029905e+02 1.453219e+02 2.100000e+00
      vertex   -9.800949e+01 1.453219e+02 2.100000e+00
      vertex   -1.013327e+02 1.454802e+02 2.100000e+00
    endloop
  endfacet
  facet normal -0.000000e+00 0.000000e+00 1.000000e+00
    outer loop
      vertex   -1.013327e+02 1.454802e+02 2.100000e+00
      vertex   -9.800949e+01 1.453219e+02 2.100000e+00
      vertex   -9.966732e+01 1.454802e+02 2.100000e+00
    endloop
  endfacet
  facet normal 0.000000e+00 0.000000e+00 -1.000000e+00
    outer loop
      vertex   -1.150654e+02 1.182995e+02 -7.500000e-01
      vertex   -1.159276e+02 1.197394e+02 -7.500000e-01
      vertex   -1.151000e+02 1.280000e+02 -7.500000e-01
    endloop
  endfacet
  facet normal 0.000000e+00 0.000000e+00 -1.000000e+00
    outer loop
      vertex   -1.151000e+02 1.280000e+02 -7.500000e-01
      vertex   -1.159276e+02 1.197394e+02 -7.500000e-01
      vertex   -1.166480e+02 1.212552e+02 -7.500000e-01
    endloop
  endfacet
  facet normal 0.000000e+00 0.000000e+00 -1.000000e+00
    outer loop
      vertex   -1.151000e+02 1.280000e+02 -7.500000e-01
      vertex   -1.166480e+02 1.212552e+02 -7.500000e-01
      vertex   -1.172199e+02 1.228331e+02 -7.500000e-01
    endloop
  endfacet
  facet normal 0.000000e+00 0.000000e+00 -1.000000e+00
    outer loop
      vertex   -1.172199e+02 1.228331e+02 -7.500000e-01
      vertex   -1.176379e+02 1.244585e+02 -7.500000e-01
      vertex   -1.151000e+02 1.280000e+02 -7.500000e-01
    endloop
  endfacet
  facet normal 0.000000e+00 0.000000e+00 -1.000000e+00
    outer loop
      vertex   -1.151000e+02 1.280000e+02 -7.500000e-01
      vertex   -1.176379e+02 1.244585e+02 -7.500000e-01
      vertex   -1.178983e+02 1.261165e+02 -7.500000e-01
    endloop
  endfacet
  facet normal 0.000000e+00 0.000000e+00 -1.000000e+00
    outer loop
      vertex   -1.151000e+02 1.280000e+02 -7.500000e-01
      vertex   -1.178983e+02 1.261165e+02 -7.500000e-01
      vertex   -1.179988e+02 1.277918e+02 -7.500000e-01
    endloop
  endfacet
  facet normal 0.000000e+00 0.000000e+00 -1.000000e+00
    outer loop
      vertex   -1.179988e+02 1.277918e+02 -7.500000e-01
      vertex   -1.179382e+02 1.294691e+02 -7.500000e-01
      vertex   -1.151000e+02 1.280000e+02 -7.500000e-01
    endloop
  endfacet
  facet normal 0.000000e+00 0.000000e+00 -1.000000e+00
    outer loop
      vertex   -1.151000e+02 1.280000e+02 -7.500000e-01
      vertex   -1.179382e+02 1.294691e+02 -7.500000e-01
      vertex   -1.150200e+02 1.295261e+02 -7.500000e-01
    endloop
  endfacet
  facet normal -0.000000e+00 0.000000e+00 -1.000000e+00
    outer loop
      vertex   -1.150200e+02 1.295261e+02 -7.500000e-01
      vertex   -1.179382e+02 1.294691e+02 -7.500000e-01
      vertex   -1.177173e+02 1.311328e+02 -7.500000e-01
    endloop
  endfacet
  facet normal 0.000000e+00 0.000000e+00 -1.000000e+00
    outer loop
      vertex   -1.150200e+02 1.295261e+02 -7.500000e-01
      vertex   -1.177173e+02 1.311328e+02 -7.500000e-01
      vertex   -1.147810e+02 1.310355e+02 -7.500000e-01
    endloop
  endfacet
  facet normal 0.000000e+00 0.000000e+00 -1.000000e+00
    outer loop
      vertex   -1.147810e+02 1.310355e+02 -7.500000e-01
      vertex   -1.177173e+02 1.311328e+02 -7.500000e-01
      vertex   -1.173380e+02 1.327677e+02 -7.500000e-01
    endloop
  endfacet
  facet normal 0.000000e+00 0.000000e+00 -1.000000e+00
    outer loop
      vertex   -1.147810e+02 1.310355e+02 -7.500000e-01
      vertex   -1.173380e+02 1.327677e+02 -7.500000e-01
      vertex   -1.143854e+02 1.325116e+02 -7.500000e-01
    endloop
  endfacet
  facet normal 0.000000e+00 0.000000e+00 -1.000000e+00
    outer loop
      vertex   -1.143854e+02 1.325116e+02 -7.500000e-01
      vertex   -1.173380e+02 1.327677e+02 -7.500000e-01
      vertex   -1.168039e+02 1.343587e+02 -7.500000e-01
    endloop
  endfacet
  facet normal 0.000000e+00 0.000000e+00 -1.000000e+00
    outer loop
      vertex   -1.143854e+02 1.325116e+02 -7.500000e-01
      vertex   -1.168039e+02 1.343587e+02 -7.500000e-01
      vertex   -1.138378e+02 1.339384e+02 -7.500000e-01
    endloop
  endfacet
  facet normal 0.000000e+00 0.000000e+00 -1.000000e+00
    outer loop
      vertex   -1.138378e+02 1.339384e+02 -7.500000e-01
      vertex   -1.168039e+02 1.343587e+02 -7.500000e-01
      vertex   -1.161198e+02 1.358913e+02 -7.500000e-01
    endloop
  endfacet
  facet normal 0.000000e+00 0.000000e+00 -1.000000e+00
    outer loop
      vertex   -1.138378e+02 1.339384e+02 -7.500000e-01
      vertex   -1.161198e+02 1.358913e+02 -7.500000e-01
      vertex   -1.131440e+02 1.353000e+02 -7.500000e-01
    endloop
  endfacet
  facet normal 0.000000e+00 0.000000e+00 -1.000000e+00
    outer loop
      vertex   -1.131440e+02 1.353000e+02 -7.500000e-01
      vertex   -1.161198e+02 1.358913e+02 -7.500000e-01
      vertex   -1.152920e+02 1.373513e+02 -7.500000e-01
    endloop
  endfacet
  facet normal 0.000000e+00 0.000000e+00 -1.000000e+00
    outer loop
      vertex   -1.131440e+02 1.353000e+02 -7.500000e-01
      vertex   -1.152920e+02 1.373513e+02 -7.500000e-01
      vertex   -1.123116e+02 1.365817e+02 -7.500000e-01
    endloop
  endfacet
  facet normal 0.000000e+00 0.000000e+00 -1.000000e+00
    outer loop
      vertex   -1.123116e+02 1.365817e+02 -7.500000e-01
      vertex   -1.152920e+02 1.373513e+02 -7.500000e-01
      vertex   -1.143282e+02 1.387253e+02 -7.500000e-01
    endloop
  endfacet
  facet normal 0.000000e+00 0.000000e+00 -1.000000e+00
    outer loop
      vertex   -1.123116e+02 1.365817e+02 -7.500000e-01
      vertex   -1.143282e+02 1.387253e+02 -7.500000e-01
      vertex   -1.113499e+02 1.377693e+02 -7.500000e-01
    endloop
  endfacet
  facet normal 0.000000e+00 0.000000e+00 -1.000000e+00
    outer loop
      vertex   -1.113499e+02 1.377693e+02 -7.500000e-01
      vertex   -1.143282e+02 1.387253e+02 -7.500000e-01
      vertex   -1.132372e+02 1.400006e+02 -7.500000e-01
    endloop
  endfacet
  facet normal 0.000000e+00 0.000000e+00 -1.000000e+00
    outer loop
      vertex   -1.113499e+02 1.377693e+02 -7.500000e-01
      vertex   -1.132372e+02 1.400006e+02 -7.500000e-01
      vertex   -1.102693e+02 1.388499e+02 -7.500000e-01
    endloop
  endfacet
  facet normal 0.000000e+00 0.000000e+00 -1.000000e+00
    outer loop
      vertex   -1.102693e+02 1.388499e+02 -7.500000e-01
      vertex   -1.132372e+02 1.400006e+02 -7.500000e-01
      vertex   -1.120290e+02 1.411655e+02 -7.500000e-01
    endloop
  endfacet
  facet normal 0.000000e+00 0.000000e+00 -1.000000e+00
    outer loop
      vertex   -1.102693e+02 1.388499e+02 -7.500000e-01
      vertex   -1.120290e+02 1.411655e+02 -7.500000e-01
      vertex   -1.090817e+02 1.398116e+02 -7.500000e-01
    endloop
  endfacet
  facet normal 0.000000e+00 0.000000e+00 -1.000000e+00
    outer loop
      vertex   -1.090817e+02 1.398116e+02 -7.500000e-01
      vertex   -1.120290e+02 1.411655e+02 -7.500000e-01
      vertex   -1.107148e+02 1.422094e+02 -7.500000e-01
    endloop
  endfacet
  facet normal 0.000000e+00 0.000000e+00 -1.000000e+00
    outer loop
      vertex   -1.090817e+02 1.398116e+02 -7.500000e-01
      vertex   -1.107148e+02 1.422094e+02 -7.500000e-01
      vertex   -1.078000e+02 1.406440e+02 -7.500000e-01
    endloop
  endfacet
  facet normal 0.000000e+00 0.000000e+00 -1.000000e+00
    outer loop
      vertex   -1.078000e+02 1.406440e+02 -7.500000e-01
      vertex   -1.107148e+02 1.422094e+02 -7.500000e-01
      vertex   -1.093067e+02 1.431226e+02 -7.500000e-01
    endloop
  endfacet
  facet normal 0.000000e+00 0.000000e+00 -1.000000e+00
    outer loop
      vertex   -1.078000e+02 1.406440e+02 -7.500000e-01
      vertex   -1.093067e+02 1.431226e+02 -7.500000e-01
      vertex   -1.064384e+02 1.413378e+02 -7.500000e-01
    endloop
  endfacet
  facet normal 0.000000e+00 0.000000e+00 -1.000000e+00
    outer loop
      vertex   -1.064384e+02 1.413378e+02 -7.500000e-01
      vertex   -1.093067e+02 1.431226e+02 -7.500000e-01
      vertex   -1.078175e+02 1.438967e+02 -7.500000e-01
    endloop
  endfacet
  facet normal 0.000000e+00 0.000000e+00 -1.000000e+00
    outer loop
      vertex   -1.064384e+02 1.413378e+02 -7.500000e-01
      vertex   -1.078175e+02 1.438967e+02 -7.500000e-01
      vertex   -1.050116e+02 1.418854e+02 -7.500000e-01
    endloop
  endfacet
  facet normal 0.000000e+00 0.000000e+00 -1.000000e+00
    outer loop
      vertex   -1.050116e+02 1.418854e+02 -7.500000e-01
      vertex   -1.078175e+02 1.438967e+02 -7.500000e-01
      vertex   -1.062611e+02 1.445245e+02 -7.500000e-01
    endloop
  endfacet
  facet normal 0.000000e+00 0.000000e+00 -1.000000e+00
    outer loop
      vertex   -1.050116e+02 1.418854e+02 -7.500000e-01
      vertex   -1.062611e+02 1.445245e+02 -7.500000e-01
      vertex   -1.035355e+02 1.422810e+02 -7.500000e-01
    endloop
  endfacet
  facet normal 0.000000e+00 0.000000e+00 -1.000000e+00
    outer loop
      vertex   -1.035355e+02 1.422810e+02 -7.500000e-01
      vertex   -1.062611e+02 1.445245e+02 -7.500000e-01
      vertex   -1.046517e+02 1.450004e+02 -7.500000e-01
    endloop
  endfacet
  facet normal 0.000000e+00 0.000000e+00 -1.000000e+00
    outer loop
      vertex   -1.035355e+02 1.422810e+02 -7.500000e-01
      vertex   -1.046517e+02 1.450004e+02 -7.500000e-01
      vertex   -1.030040e+02 1.453199e+02 -7.500000e-01
    endloop
  endfacet
  facet normal 0.000000e+00 0.000000e+00 -1.000000e+00
    outer loop
      vertex   -1.035355e+02 1.422810e+02 -7.500000e-01
      vertex   -1.030040e+02 1.453199e+02 -7.500000e-01
      vertex   -1.020261e+02 1.425200e+02 -7.500000e-01
    endloop
  endfacet
  facet normal 0.000000e+00 0.000000e+00 -1.000000e+00
    outer loop
      vertex   -1.020261e+02 1.425200e+02 -7.500000e-01
      vertex   -1.030040e+02 1.453199e+02 -7.500000e-01
      vertex   -1.013334e+02 1.454801e+02 -7.500000e-01
    endloop
  endfacet
  facet normal 0.000000e+00 0.000000e+00 -1.000000e+00
    outer loop
      vertex   -1.020261e+02 1.425200e+02 -7.500000e-01
      vertex   -1.013334e+02 1.454801e+02 -7.500000e-01
      vertex   -1.005000e+02 1.426000e+02 -7.500000e-01
    endloop
  endfacet
  facet normal 0.000000e+00 0.000000e+00 -1.000000e+00
    outer loop
      vertex   -1.005000e+02 1.426000e+02 -7.500000e-01
      vertex   -1.013334e+02 1.454801e+02 -7.500000e-01
      vertex   -9.965506e+01 1.454796e+02 -7.500000e-01
    endloop
  endfacet
  facet normal 0.000000e+00 0.000000e+00 -1.000000e+00
    outer loop
      vertex   -1.005000e+02 1.426000e+02 -7.500000e-01
      vertex   -9.965506e+01 1.454796e+02 -7.500000e-01
      vertex   -9.897388e+01 1.425200e+02 -7.500000e-01
    endloop
  endfacet
  facet normal 0.000000e+00 0.000000e+00 -1.000000e+00
    outer loop
      vertex   -9.897388e+01 1.425200e+02 -7.500000e-01
      vertex   -9.965506e+01 1.454796e+02 -7.500000e-01
      vertex   -9.798451e+01 1.453183e+02 -7.500000e-01
    endloop
  endfacet
  facet normal 0.000000e+00 0.000000e+00 -1.000000e+00
    outer loop
      vertex   -9.897388e+01 1.425200e+02 -7.500000e-01
      vertex   -9.798451e+01 1.453183e+02 -7.500000e-01
      vertex   -9.746449e+01 1.422810e+02 -7.500000e-01
    endloop
  endfacet
  facet normal 0.000000e+00 0.000000e+00 -1.000000e+00
    outer loop
      vertex   -9.746449e+01 1.422810e+02 -7.500000e-01
      vertex   -9.798451e+01 1.453183e+02 -7.500000e-01
      vertex   -9.633710e+01 1.449977e+02 -7.500000e-01
    endloop
  endfacet
  facet normal 0.000000e+00 0.000000e+00 -1.000000e+00
    outer loop
      vertex   -9.746449e+01 1.422810e+02 -7.500000e-01
      vertex   -9.633710e+01 1.449977e+02 -7.500000e-01
      vertex   -9.472798e+01 1.445207e+02 -7.500000e-01
    endloop
  endfacet
  facet normal 0.000000e+00 0.000000e+00 -1.000000e+00
    outer loop
      vertex   -9.746449e+01 1.422810e+02 -7.500000e-01
      vertex   -9.472798e+01 1.445207e+02 -7.500000e-01
      vertex   -9.598835e+01 1.418854e+02 -7.500000e-01
    endloop
  endfacet
  facet normal 0.000000e+00 0.000000e+00 -1.000000e+00
    outer loop
      vertex   -9.598835e+01 1.418854e+02 -7.500000e-01
      vertex   -9.472798e+01 1.445207e+02 -7.500000e-01
      vertex   -9.317195e+01 1.438918e+02 -7.500000e-01
    endloop
  endfacet
  facet normal 0.000000e+00 0.000000e+00 -1.000000e+00
    outer loop
      vertex   -9.598835e+01 1.418854e+02 -7.500000e-01
      vertex   -9.317195e+01 1.438918e+02 -7.500000e-01
      vertex   -9.456165e+01 1.413378e+02 -7.500000e-01
    endloop
  endfacet
  facet normal 0.000000e+00 0.000000e+00 -1.000000e+00
    outer loop
      vertex   -9.456165e+01 1.413378e+02 -7.500000e-01
      vertex   -9.317195e+01 1.438918e+02 -7.500000e-01
      vertex   -9.168332e+01 1.431167e+02 -7.500000e-01
    endloop
  endfacet
  facet normal 0.000000e+00 0.000000e+00 -1.000000e+00
    outer loop
      vertex   -9.456165e+01 1.413378e+02 -7.500000e-01
      vertex   -9.168332e+01 1.431167e+02 -7.500000e-01
      vertex   -9.320000e+01 1.406440e+02 -7.500000e-01
    endloop
  endfacet
  facet normal 0.000000e+00 0.000000e+00 -1.000000e+00
    outer loop
      vertex   -9.320000e+01 1.406440e+02 -7.500000e-01
      vertex   -9.168332e+01 1.431167e+02 -7.500000e-01
      vertex   -9.027577e+01 1.422026e+02 -7.500000e-01
    endloop
  endfacet
  facet normal 0.000000e+00 0.000000e+00 -1.000000e+00
    outer loop
      vertex   -9.320000e+01 1.406440e+02 -7.500000e-01
      vertex   -9.027577e+01 1.422026e+02 -7.500000e-01
      vertex   -9.191834e+01 1.398116e+02 -7.500000e-01
    endloop
  endfacet
  facet normal 0.000000e+00 0.000000e+00 -1.000000e+00
    outer loop
      vertex   -9.191834e+01 1.398116e+02 -7.500000e-01
      vertex   -9.027577e+01 1.422026e+02 -7.500000e-01
      vertex   -8.896227e+01 1.411579e+02 -7.500000e-01
    endloop
  endfacet
  facet normal 0.000000e+00 0.000000e+00 -1.000000e+00
    outer loop
      vertex   -9.191834e+01 1.398116e+02 -7.500000e-01
      vertex   -8.896227e+01 1.411579e+02 -7.500000e-01
      vertex   -9.073069e+01 1.388499e+02 -7.500000e-01
    endloop
  endfacet
  facet normal 0.000000e+00 0.000000e+00 -1.000000e+00
    outer loop
      vertex   -9.073069e+01 1.388499e+02 -7.500000e-01
      vertex   -8.896227e+01 1.411579e+02 -7.500000e-01
      vertex   -8.775489e+01 1.399922e+02 -7.500000e-01
    endloop
  endfacet
  facet normal 0.000000e+00 0.000000e+00 -1.000000e+00
    outer loop
      vertex   -9.073069e+01 1.388499e+02 -7.500000e-01
      vertex   -8.775489e+01 1.399922e+02 -7.500000e-01
      vertex   -8.965009e+01 1.377693e+02 -7.500000e-01
    endloop
  endfacet
  facet normal 0.000000e+00 0.000000e+00 -1.000000e+00
    outer loop
      vertex   -8.965009e+01 1.377693e+02 -7.500000e-01
      vertex   -8.775489e+01 1.399922e+02 -7.500000e-01
      vertex   -8.666473e+01 1.387161e+02 -7.500000e-01
    endloop
  endfacet
  facet normal 0.000000e+00 0.000000e+00 -1.000000e+00
    outer loop
      vertex   -8.965009e+01 1.377693e+02 -7.500000e-01
      vertex   -8.666473e+01 1.387161e+02 -7.500000e-01
      vertex   -8.868835e+01 1.365817e+02 -7.500000e-01
    endloop
  endfacet
  facet normal 0.000000e+00 0.000000e+00 -1.000000e+00
    outer loop
      vertex   -8.868835e+01 1.365817e+02 -7.500000e-01
      vertex   -8.666473e+01 1.387161e+02 -7.500000e-01
      vertex   -8.570182e+01 1.373415e+02 -7.500000e-01
    endloop
  endfacet
  facet normal 0.000000e+00 0.000000e+00 -1.000000e+00
    outer loop
      vertex   -8.868835e+01 1.365817e+02 -7.500000e-01
      vertex   -8.570182e+01 1.373415e+02 -7.500000e-01
      vertex   -8.785603e+01 1.353000e+02 -7.500000e-01
    endloop
  endfacet
  facet normal 0.000000e+00 0.000000e+00 -1.000000e+00
    outer loop
      vertex   -8.785603e+01 1.353000e+02 -7.500000e-01
      vertex   -8.570182e+01 1.373415e+02 -7.500000e-01
      vertex   -8.487501e+01 1.358810e+02 -7.500000e-01
    endloop
  endfacet
  facet normal 0.000000e+00 0.000000e+00 -1.000000e+00
    outer loop
      vertex   -8.785603e+01 1.353000e+02 -7.500000e-01
      vertex   -8.487501e+01 1.358810e+02 -7.500000e-01
      vertex   -8.716224e+01 1.339384e+02 -7.500000e-01
    endloop
  endfacet
  facet normal 0.000000e+00 0.000000e+00 -1.000000e+00
    outer loop
      vertex   -8.716224e+01 1.339384e+02 -7.500000e-01
      vertex   -8.487501e+01 1.358810e+02 -7.500000e-01
      vertex   -8.419192e+01 1.343480e+02 -7.500000e-01
    endloop
  endfacet
  facet normal 0.000000e+00 0.000000e+00 -1.000000e+00
    outer loop
      vertex   -8.716224e+01 1.339384e+02 -7.500000e-01
      vertex   -8.419192e+01 1.343480e+02 -7.500000e-01
      vertex   -8.661457e+01 1.325116e+02 -7.500000e-01
    endloop
  endfacet
  facet normal 0.000000e+00 0.000000e+00 -1.000000e+00
    outer loop
      vertex   -8.661457e+01 1.325116e+02 -7.500000e-01
      vertex   -8.419192e+01 1.343480e+02 -7.500000e-01
      vertex   -8.365883e+01 1.327566e+02 -7.500000e-01
    endloop
  endfacet
  facet normal 0.000000e+00 0.000000e+00 -1.000000e+00
    outer loop
      vertex   -8.661457e+01 1.325116e+02 -7.500000e-01
      vertex   -8.365883e+01 1.327566e+02 -7.500000e-01
      vertex   -8.621905e+01 1.310355e+02 -7.500000e-01
    endloop
  endfacet
  facet normal 0.000000e+00 0.000000e+00 -1.000000e+00
    outer loop
      vertex   -8.621905e+01 1.310355e+02 -7.500000e-01
      vertex   -8.365883e+01 1.327566e+02 -7.500000e-01
      vertex   -8.328063e+01 1.311214e+02 -7.500000e-01
    endloop
  endfacet
  facet normal 0.000000e+00 0.000000e+00 -1.000000e+00
    outer loop
      vertex   -8.621905e+01 1.310355e+02 -7.500000e-01
      vertex   -8.328063e+01 1.311214e+02 -7.500000e-01
      vertex   -8.597998e+01 1.295261e+02 -7.500000e-01
    endloop
  endfacet
  facet normal 0.000000e+00 0.000000e+00 -1.000000e+00
    outer loop
      vertex   -8.597998e+01 1.295261e+02 -7.500000e-01
      vertex   -8.328063e+01 1.311214e+02 -7.500000e-01
      vertex   -8.306080e+01 1.294575e+02 -7.500000e-01
    endloop
  endfacet
  facet normal 0.000000e+00 0.000000e+00 -1.000000e+00
    outer loop
      vertex   -8.597998e+01 1.295261e+02 -7.500000e-01
      vertex   -8.306080e+01 1.294575e+02 -7.500000e-01
      vertex   -8.590000e+01 1.280000e+02 -7.500000e-01
    endloop
  endfacet
  facet normal 0.000000e+00 0.000000e+00 -1.000000e+00
    outer loop
      vertex   -8.590000e+01 1.280000e+02 -7.500000e-01
      vertex   -8.306080e+01 1.294575e+02 -7.500000e-01
      vertex   -8.300138e+01 1.277803e+02 -7.500000e-01
    endloop
  endfacet
  facet normal 0.000000e+00 0.000000e+00 -1.000000e+00
    outer loop
      vertex   -8.590000e+01 1.280000e+02 -7.500000e-01
      vertex   -8.300138e+01 1.277803e+02 -7.500000e-01
      vertex   -8.310290e+01 1.261050e+02 -7.500000e-01
    endloop
  endfacet
  facet normal -0.000000e+00 0.000000e+00 -1.000000e+00
    outer loop
      vertex   -8.310290e+01 1.261050e+02 -7.500000e-01
      vertex   -8.336443e+01 1.244472e+02 -7.500000e-01
      vertex   -8.590000e+01 1.280000e+02 -7.500000e-01
    endloop
  endfacet
  facet normal 0.000000e+00 0.000000e+00 -1.000000e+00
    outer loop
      vertex   -8.590000e+01 1.280000e+02 -7.500000e-01
      vertex   -8.336443e+01 1.244472e+02 -7.500000e-01
      vertex   -8.378357e+01 1.228221e+02 -7.500000e-01
    endloop
  endfacet
  facet normal 0.000000e+00 0.000000e+00 -1.000000e+00
    outer loop
      vertex   -8.590000e+01 1.280000e+02 -7.500000e-01
      vertex   -8.378357e+01 1.228221e+02 -7.500000e-01
      vertex   -8.435645e+01 1.212446e+02 -7.500000e-01
    endloop
  endfacet
  facet normal -0.000000e+00 0.000000e+00 -1.000000e+00
    outer loop
      vertex   -8.435645e+01 1.212446e+02 -7.500000e-01
      vertex   -8.507782e+01 1.197292e+02 -7.500000e-01
      vertex   -8.590000e+01 1.280000e+02 -7.500000e-01
    endloop
  endfacet
  facet normal 0.000000e+00 -0.000000e+00 -1.000000e+00
    outer loop
      vertex   -8.590000e+01 1.280000e+02 -7.500000e-01
      vertex   -8.507782e+01 1.197292e+02 -7.500000e-01
      vertex   -8.594104e+01 1.182899e+02 -7.500000e-01
    endloop
  endfacet
  facet normal 9.988646e-01 -4.758179e-02 2.331522e-03
    outer loop
      vertex   -8.307924e+01 -1.426635e+02 2.100000e+00
      vertex   -8.306529e+01 -1.425103e+02 -7.500000e-01
      vertex   -8.300000e+01 -1.410000e+02 2.100000e+00
    endloop
  endfacet
  facet normal 9.992549e-01 -3.851525e-02 -2.481941e-03
    outer loop
      vertex   -8.300000e+01 -1.410000e+02 2.100000e+00
      vertex   -8.306529e+01 -1.425103e+02 -7.500000e-01
      vertex   -8.300077e+01 -1.408362e+02 -7.500000e-01
    endloop
  endfacet
  facet normal 9.988643e-01 4.758177e-02 2.465659e-03
    outer loop
      vertex   -8.300000e+01 -1.410000e+02 2.100000e+00
      vertex   -8.300077e+01 -1.408362e+02 -7.500000e-01
      vertex   -8.307924e+01 -1.393365e+02 2.100000e+00
    endloop
  endfacet
  facet normal 9.983587e-01 5.721062e-02 -2.615091e-03
    outer loop
      vertex   -8.307924e+01 -1.393365e+02 2.100000e+00
      vertex   -8.300077e+01 -1.408362e+02 -7.500000e-01
      vertex   -8.309661e+01 -1.391637e+02 -7.500000e-01
    endloop
  endfacet
  facet normal 9.898181e-01 1.423144e-01 2.597823e-03
    outer loop
      vertex   -8.307924e+01 -1.393365e+02 2.100000e+00
      vertex   -8.309661e+01 -1.391637e+02 -7.500000e-01
      vertex   -8.331625e+01 -1.376881e+02 2.100000e+00
    endloop
  endfacet
  facet normal 9.883132e-01 1.524121e-01 -2.746267e-03
    outer loop
      vertex   -8.331625e+01 -1.376881e+02 2.100000e+00
      vertex   -8.309661e+01 -1.391637e+02 -7.500000e-01
      vertex   -8.335194e+01 -1.375080e+02 -7.500000e-01
    endloop
  endfacet
  facet normal 9.718080e-01 2.357581e-01 2.728012e-03
    outer loop
      vertex   -8.331625e+01 -1.376881e+02 2.100000e+00
      vertex   -8.335194e+01 -1.375080e+02 -7.500000e-01
      vertex   -8.370887e+01 -1.360697e+02 2.100000e+00
    endloop
  endfacet
  facet normal 9.692105e-01 2.462168e-01 -2.875469e-03
    outer loop
      vertex   -8.370887e+01 -1.360697e+02 2.100000e+00
      vertex   -8.335194e+01 -1.375080e+02 -7.500000e-01
      vertex   -8.376443e+01 -1.358843e+02 -7.500000e-01
    endloop
  endfacet
  facet normal 9.449970e-01 3.270666e-01 2.856227e-03
    outer loop
      vertex   -8.370887e+01 -1.360697e+02 2.100000e+00
      vertex   -8.376443e+01 -1.358843e+02 -7.500000e-01
      vertex   -8.425356e+01 -1.344959e+02 2.100000e+00
    endloop
  endfacet
  facet normal 9.412257e-01 3.377650e-01 -3.002697e-03
    outer loop
      vertex   -8.425356e+01 -1.344959e+02 2.100000e+00
      vertex   -8.376443e+01 -1.358843e+02 -7.500000e-01
      vertex   -8.433028e+01 -1.343074e+02 -7.500000e-01
    endloop
  endfacet
  facet normal 9.096279e-01 4.154132e-01 2.982468e-03
    outer loop
      vertex   -8.425356e+01 -1.344959e+02 2.100000e+00
      vertex   -8.433028e+01 -1.343074e+02 -7.500000e-01
      vertex   -8.494538e+01 -1.329810e+02 2.100000e+00
    endloop
  endfacet
  facet normal 9.046152e-01 4.262178e-01 -3.127951e-03
    outer loop
      vertex   -8.494538e+01 -1.329810e+02 2.100000e+00
      vertex   -8.433028e+01 -1.343074e+02 -7.500000e-01
      vertex   -8.504432e+01 -1.327920e+02 -7.500000e-01
    endloop
  endfacet
  facet normal 8.660212e-01 4.999976e-01 3.106735e-03
    outer loop
      vertex   -8.494538e+01 -1.329810e+02 2.100000e+00
      vertex   -8.504432e+01 -1.327920e+02 -7.500000e-01
      vertex   -8.577806e+01 -1.315388e+02 2.100000e+00
    endloop
  endfacet
  facet normal 8.597145e-01 5.107645e-01 -3.251231e-03
    outer loop
      vertex   -8.577806e+01 -1.315388e+02 2.100000e+00
      vertex   -8.504432e+01 -1.327920e+02 -7.500000e-01
      vertex   -8.590000e+01 -1.313517e+02 -7.500000e-01
    endloop
  endfacet
  facet normal 8.145717e-01 5.800539e-01 3.229028e-03
    outer loop
      vertex   -8.577806e+01 -1.315388e+02 2.100000e+00
      vertex   -8.590000e+01 -1.313517e+02 -7.500000e-01
      vertex   -8.674407e+01 -1.301822e+02 2.100000e+00
    endloop
  endfacet
  facet normal 8.074625e-01 5.899117e-01 -2.921508e-03
    outer loop
      vertex   -8.674407e+01 -1.301822e+02 2.100000e+00
      vertex   -8.590000e+01 -1.313517e+02 -7.500000e-01
      vertex   -8.686989e+01 -1.300241e+02 -7.500000e-01
    endloop
  endfacet
  facet normal 7.557463e-01 6.548579e-01 2.964555e-03
    outer loop
      vertex   -8.674407e+01 -1.301822e+02 2.100000e+00
      vertex   -8.686989e+01 -1.300241e+02 -7.500000e-01
      vertex   -8.783465e+01 -1.289236e+02 2.100000e+00
    endloop
  endfacet
  facet normal 7.485386e-01 6.630859e-01 -2.652501e-03
    outer loop
      vertex   -8.783465e+01 -1.289236e+02 2.100000e+00
      vertex   -8.686989e+01 -1.300241e+02 -7.500000e-01
      vertex   -8.796009e+01 -1.287934e+02 -7.500000e-01
    endloop
  endfacet
  facet normal 6.900765e-01 7.237314e-01 2.691016e-03
    outer loop
      vertex   -8.783465e+01 -1.289236e+02 2.100000e+00
      vertex   -8.796009e+01 -1.287934e+02 -7.500000e-01
      vertex   -8.903994e+01 -1.277744e+02 2.100000e+00
    endloop
  endfacet
  facet normal 6.830076e-01 7.304074e-01 -2.374430e-03
    outer loop
      vertex   -8.903994e+01 -1.277744e+02 2.100000e+00
      vertex   -8.796009e+01 -1.287934e+02 -7.500000e-01
      vertex   -8.916097e+01 -1.276705e+02 -7.500000e-01
    endloop
  endfacet
  facet normal 6.181572e-01 7.860508e-01 2.408413e-03
    outer loop
      vertex   -8.903994e+01 -1.277744e+02 2.100000e+00
      vertex   -8.916097e+01 -1.276705e+02 -7.500000e-01
      vertex   -9.034900e+01 -1.267449e+02 2.100000e+00
    endloop
  endfacet
  facet normal 6.114478e-01 7.912820e-01 -2.087295e-03
    outer loop
      vertex   -9.034900e+01 -1.267449e+02 2.100000e+00
      vertex   -8.916097e+01 -1.276705e+02 -7.500000e-01
      vertex   -9.046194e+01 -1.266652e+02 -7.500000e-01
    endloop
  endfacet
  facet normal 5.406396e-01 8.412516e-01 2.116746e-03
    outer loop
      vertex   -9.034900e+01 -1.267449e+02 2.100000e+00
      vertex   -9.046194e+01 -1.266652e+02 -7.500000e-01
      vertex   -9.175000e+01 -1.258446e+02 2.100000e+00
    endloop
  endfacet
  facet normal 5.344909e-01 8.451723e-01 -1.791095e-03
    outer loop
      vertex   -9.175000e+01 -1.258446e+02 2.100000e+00
      vertex   -9.046194e+01 -1.266652e+02 -7.500000e-01
      vertex   -9.185150e+01 -1.257864e+02 -7.500000e-01
    endloop
  endfacet
  facet normal 4.582258e-01 8.888340e-01 1.816015e-03
    outer loop
      vertex   -9.175000e+01 -1.258446e+02 2.100000e+00
      vertex   -9.185150e+01 -1.257864e+02 -7.500000e-01
      vertex   -9.323024e+01 -1.250814e+02 2.100000e+00
    endloop
  endfacet
  facet normal 4.528161e-01 8.916027e-01 -1.485832e-03
    outer loop
      vertex   -9.323024e+01 -1.250814e+02 2.100000e+00
      vertex   -9.185150e+01 -1.257864e+02 -7.500000e-01
      vertex   -9.331741e+01 -1.250419e+02 -7.500000e-01
    endloop
  endfacet
  facet normal 3.716620e-01 9.283669e-01 1.506221e-03
    outer loop
      vertex   -9.323024e+01 -1.250814e+02 2.100000e+00
      vertex   -9.331741e+01 -1.250419e+02 -7.500000e-01
      vertex   -9.477631e+01 -1.244625e+02 2.100000e+00
    endloop
  endfacet
  facet normal 3.671445e-01 9.301632e-01 -1.171506e-03
    outer loop
      vertex   -9.477631e+01 -1.244625e+02 2.100000e+00
      vertex   -9.331741e+01 -1.250419e+02 -7.500000e-01
      vertex   -9.484671e+01 -1.244383e+02 -7.500000e-01
    endloop
  endfacet
  facet normal 2.817324e-01 9.594923e-01 1.187363e-03
    outer loop
      vertex   -9.477631e+01 -1.244625e+02 2.100000e+00
      vertex   -9.484671e+01 -1.244383e+02 -7.500000e-01
      vertex   -9.637422e+01 -1.239933e+02 2.100000e+00
    endloop
  endfacet
  facet normal 2.782321e-01 9.605135e-01 -8.481172e-04
    outer loop
      vertex   -9.637422e+01 -1.239933e+02 2.100000e+00
      vertex   -9.484671e+01 -1.244383e+02 -7.500000e-01
      vertex   -9.642591e+01 -1.239808e+02 -7.500000e-01
    endloop
  endfacet
  facet normal 1.892512e-01 9.819283e-01 8.594435e-04
    outer loop
      vertex   -9.637422e+01 -1.239933e+02 2.100000e+00
      vertex   -9.642591e+01 -1.239808e+02 -7.500000e-01
      vertex   -9.800949e+01 -1.236781e+02 2.100000e+00
    endloop
  endfacet
  facet normal 1.868638e-01 9.823857e-01 -5.156663e-04
    outer loop
      vertex   -9.800949e+01 -1.236781e+02 2.100000e+00
      vertex   -9.642591e+01 -1.239808e+02 -7.500000e-01
      vertex   -9.804107e+01 -1.236736e+02 -7.500000e-01
    endloop
  endfacet
  facet normal 9.505603e-02 9.954718e-01 5.224619e-04
    outer loop
      vertex   -9.800949e+01 -1.236781e+02 2.100000e+00
      vertex   -9.804107e+01 -1.236736e+02 -7.500000e-01
      vertex   -9.966732e+01 -1.235198e+02 2.100000e+00
    endloop
  endfacet
  facet normal 9.384607e-02 9.955867e-01 -1.741540e-04
    outer loop
      vertex   -9.966732e+01 -1.235198e+02 2.100000e+00
      vertex   -9.804107e+01 -1.236736e+02 -7.500000e-01
      vertex   -9.967794e+01 -1.235193e+02 -7.500000e-01
    endloop
  endfacet
  facet normal 0.000000e+00 1.000000e+00 1.764191e-04
    outer loop
      vertex   -9.966732e+01 -1.235198e+02 2.100000e+00
      vertex   -9.967794e+01 -1.235193e+02 -7.500000e-01
      vertex   -1.013221e+02 -1.235193e+02 -7.500000e-01
    endloop
  endfacet
  facet normal 9.909937e-01 -1.338882e-01 -2.346816e-03
    outer loop
      vertex   -8.306529e+01 -1.425103e+02 -7.500000e-01
      vertex   -8.307924e+01 -1.426635e+02 2.100000e+00
      vertex   -8.328959e+01 -1.441705e+02 -7.500000e-01
    endloop
  endfacet
  facet normal 9.898191e-01 -1.423145e-01 2.195410e-03
    outer loop
      vertex   -8.328959e+01 -1.441705e+02 -7.500000e-01
      vertex   -8.307924e+01 -1.426635e+02 2.100000e+00
      vertex   -8.331625e+01 -1.443119e+02 2.100000e+00
    endloop
  endfacet
  facet normal 9.736506e-01 -2.280342e-01 -2.209718e-03
    outer loop
      vertex   -8.328959e+01 -1.441705e+02 -7.500000e-01
      vertex   -8.331625e+01 -1.443119e+02 2.100000e+00
      vertex   -8.367161e+01 -1.458016e+02 -7.500000e-01
    endloop
  endfacet
  facet normal 9.718095e-01 -2.357584e-01 2.057325e-03
    outer loop
      vertex   -8.367161e+01 -1.458016e+02 -7.500000e-01
      vertex   -8.331625e+01 -1.443119e+02 2.100000e+00
      vertex   -8.370887e+01 -1.459303e+02 2.100000e+00
    endloop
  endfacet
  facet normal 9.473847e-01 -3.200905e-01 -2.070646e-03
    outer loop
      vertex   -8.367161e+01 -1.458016e+02 -7.500000e-01
      vertex   -8.370887e+01 -1.459303e+02 2.100000e+00
      vertex   -8.420786e+01 -1.473887e+02 -7.500000e-01
    endloop
  endfacet
  facet normal 9.449991e-01 -3.270674e-01 1.917266e-03
    outer loop
      vertex   -8.420786e+01 -1.473887e+02 -7.500000e-01
      vertex   -8.370887e+01 -1.459303e+02 2.100000e+00
      vertex   -8.425356e+01 -1.475041e+02 2.100000e+00
    endloop
  endfacet
  facet normal 9.124366e-01 -4.092135e-01 -1.929600e-03
    outer loop
      vertex   -8.420786e+01 -1.473887e+02 -7.500000e-01
      vertex   -8.425356e+01 -1.475041e+02 2.100000e+00
      vertex   -8.489341e+01 -1.489173e+02 -7.500000e-01
    endloop
  endfacet
  facet normal 9.096306e-01 -4.154144e-01 1.775233e-03
    outer loop
      vertex   -8.489341e+01 -1.489173e+02 -7.500000e-01
      vertex   -8.425356e+01 -1.475041e+02 2.100000e+00
      vertex   -8.494538e+01 -1.490190e+02 2.100000e+00
    endloop
  endfacet
  facet normal 8.691267e-01 -4.945863e-01 -1.786580e-03
    outer loop
      vertex   -8.489341e+01 -1.489173e+02 -7.500000e-01
      vertex   -8.494538e+01 -1.490190e+02 2.100000e+00
      vertex   -8.572198e+01 -1.503734e+02 -7.500000e-01
    endloop
  endfacet
  facet normal 8.660243e-01 -4.999993e-01 1.631226e-03
    outer loop
      vertex   -8.572198e+01 -1.503734e+02 -7.500000e-01
      vertex   -8.494538e+01 -1.490190e+02 2.100000e+00
      vertex   -8.577806e+01 -1.504612e+02 2.100000e+00
    endloop
  endfacet
  facet normal 8.178517e-01 -5.754267e-01 -1.641586e-03
    outer loop
      vertex   -8.572198e+01 -1.503734e+02 -7.500000e-01
      vertex   -8.577806e+01 -1.504612e+02 2.100000e+00
      vertex   -8.668598e+01 -1.517435e+02 -7.500000e-01
    endloop
  endfacet
  facet normal 8.145751e-01 -5.800563e-01 1.485245e-03
    outer loop
      vertex   -8.668598e+01 -1.517435e+02 -7.500000e-01
      vertex   -8.577806e+01 -1.504612e+02 2.100000e+00
      vertex   -8.674407e+01 -1.518178e+02 2.100000e+00
    endloop
  endfacet
  facet normal 7.590817e-01 -6.509936e-01 -1.494619e-03
    outer loop
      vertex   -8.668598e+01 -1.517435e+02 -7.500000e-01
      vertex   -8.674407e+01 -1.518178e+02 2.100000e+00
      vertex   -8.777658e+01 -1.530152e+02 -7.500000e-01
    endloop
  endfacet
  facet normal 7.557489e-01 -6.548601e-01 1.337291e-03
    outer loop
      vertex   -8.777658e+01 -1.530152e+02 -7.500000e-01
      vertex   -8.674407e+01 -1.518178e+02 2.100000e+00
      vertex   -8.783465e+01 -1.530764e+02 2.100000e+00
    endloop
  endfacet
  facet normal 6.933552e-01 -7.205947e-01 -1.345678e-03
    outer loop
      vertex   -8.777658e+01 -1.530152e+02 -7.500000e-01
      vertex   -8.783465e+01 -1.530764e+02 2.100000e+00
      vertex   -8.898378e+01 -1.541767e+02 -7.500000e-01
    endloop
  endfacet
  facet normal 6.900785e-01 -7.237335e-01 1.187363e-03
    outer loop
      vertex   -8.898378e+01 -1.541767e+02 -7.500000e-01
      vertex   -8.783465e+01 -1.530764e+02 2.100000e+00
      vertex   -8.903994e+01 -1.542256e+02 2.100000e+00
    endloop
  endfacet
  facet normal 6.212745e-01 -7.835921e-01 -1.194763e-03
    outer loop
      vertex   -8.898378e+01 -1.541767e+02 -7.500000e-01
      vertex   -8.903994e+01 -1.542256e+02 2.100000e+00
      vertex   -9.029652e+01 -1.552176e+02 -7.500000e-01
    endloop
  endfacet
  facet normal 6.181587e-01 -7.860527e-01 1.035462e-03
    outer loop
      vertex   -9.029652e+01 -1.552176e+02 -7.500000e-01
      vertex   -8.903994e+01 -1.542256e+02 2.100000e+00
      vertex   -9.034900e+01 -1.552551e+02 2.100000e+00
    endloop
  endfacet
  facet normal 5.435003e-01 -8.394083e-01 -1.041875e-03
    outer loop
      vertex   -9.029652e+01 -1.552176e+02 -7.500000e-01
      vertex   -9.034900e+01 -1.552551e+02 2.100000e+00
      vertex   -9.170276e+01 -1.561281e+02 -7.500000e-01
    endloop
  endfacet
  facet normal 5.406406e-01 -8.412532e-01 8.815867e-04
    outer loop
      vertex   -9.170276e+01 -1.561281e+02 -7.500000e-01
      vertex   -9.034900e+01 -1.552551e+02 2.100000e+00
      vertex   -9.175000e+01 -1.561554e+02 2.100000e+00
    endloop
  endfacet
  facet normal 4.607452e-01 -8.875320e-01 -8.870131e-04
    outer loop
      vertex   -9.170276e+01 -1.561281e+02 -7.500000e-01
      vertex   -9.175000e+01 -1.561554e+02 2.100000e+00
      vertex   -9.318963e+01 -1.569000e+02 -7.500000e-01
    endloop
  endfacet
  facet normal 4.582264e-01 -8.888352e-01 7.257382e-04
    outer loop
      vertex   -9.318963e+01 -1.569000e+02 -7.500000e-01
      vertex   -9.175000e+01 -1.561554e+02 2.100000e+00
      vertex   -9.323024e+01 -1.569186e+02 2.100000e+00
    endloop
  endfacet
  facet normal 3.737676e-01 -9.275221e-01 -7.301780e-04
    outer loop
      vertex   -9.318963e+01 -1.569000e+02 -7.500000e-01
      vertex   -9.323024e+01 -1.569186e+02 2.100000e+00
      vertex   -9.474349e+01 -1.575261e+02 -7.500000e-01
    endloop
  endfacet
  facet normal 3.716624e-01 -9.283678e-01 5.679163e-04
    outer loop
      vertex   -9.474349e+01 -1.575261e+02 -7.500000e-01
      vertex   -9.323024e+01 -1.569186e+02 2.100000e+00
      vertex   -9.477631e+01 -1.575375e+02 2.100000e+00
    endloop
  endfacet
  facet normal 2.833647e-01 -9.590120e-01 -5.713694e-04
    outer loop
      vertex   -9.474349e+01 -1.575261e+02 -7.500000e-01
      vertex   -9.477631e+01 -1.575375e+02 2.100000e+00
      vertex   -9.635011e+01 -1.580008e+02 -7.500000e-01
    endloop
  endfacet
  facet normal 2.817325e-01 -9.594929e-01 4.081211e-04
    outer loop
      vertex   -9.635011e+01 -1.580008e+02 -7.500000e-01
      vertex   -9.477631e+01 -1.575375e+02 2.100000e+00
      vertex   -9.637422e+01 -1.580067e+02 2.100000e+00
    endloop
  endfacet
  facet normal 1.903650e-01 -9.817133e-01 -4.105875e-04
    outer loop
      vertex   -9.635011e+01 -1.580008e+02 -7.500000e-01
      vertex   -9.637422e+01 -1.580067e+02 2.100000e+00
      vertex   -9.799475e+01 -1.583198e+02 -7.500000e-01
    endloop
  endfacet
  facet normal 1.892512e-01 -9.819287e-01 2.463526e-04
    outer loop
      vertex   -9.799475e+01 -1.583198e+02 -7.500000e-01
      vertex   -9.637422e+01 -1.580067e+02 2.100000e+00
      vertex   -9.800949e+01 -1.583219e+02 2.100000e+00
    endloop
  endfacet
  facet normal 9.562064e-02 -9.954178e-01 -2.478324e-04
    outer loop
      vertex   -9.799475e+01 -1.583198e+02 -7.500000e-01
      vertex   -9.800949e+01 -1.583219e+02 2.100000e+00
      vertex   -9.966236e+01 -1.584799e+02 -7.500000e-01
    endloop
  endfacet
  facet normal 9.505604e-02 -9.954719e-01 8.261081e-05
    outer loop
      vertex   -9.966236e+01 -1.584799e+02 -7.500000e-01
      vertex   -9.800949e+01 -1.583219e+02 2.100000e+00
      vertex   -9.966732e+01 -1.584802e+02 2.100000e+00
    endloop
  endfacet
  facet normal -0.000000e+00 -1.000000e+00 -8.310409e-05
    outer loop
      vertex   -9.966236e+01 -1.584799e+02 -7.500000e-01
      vertex   -9.966732e+01 -1.584802e+02 2.100000e+00
      vertex   -1.013376e+02 -1.584799e+02 -7.500000e-01
    endloop
  endfacet
  facet normal 0.000000e+00 -1.000000e+00 -8.310409e-05
    outer loop
      vertex   -1.013376e+02 -1.584799e+02 -7.500000e-01
      vertex   -9.966732e+01 -1.584802e+02 2.100000e+00
      vertex   -1.013327e+02 -1.584802e+02 2.100000e+00
    endloop
  endfacet
  facet normal -9.505604e-02 -9.954719e-01 8.261081e-05
    outer loop
      vertex   -1.013376e+02 -1.584799e+02 -7.500000e-01
      vertex   -1.013327e+02 -1.584802e+02 2.100000e+00
      vertex   -1.029905e+02 -1.583219e+02 2.100000e+00
    endloop
  endfacet
  facet normal -9.562064e-02 -9.954178e-01 -2.478324e-04
    outer loop
      vertex   -1.013376e+02 -1.584799e+02 -7.500000e-01
      vertex   -1.029905e+02 -1.583219e+02 2.100000e+00
      vertex   -1.030052e+02 -1.583198e+02 -7.500000e-01
    endloop
  endfacet
  facet normal -1.892512e-01 -9.819287e-01 2.463526e-04
    outer loop
      vertex   -1.030052e+02 -1.583198e+02 -7.500000e-01
      vertex   -1.029905e+02 -1.583219e+02 2.100000e+00
      vertex   -1.046258e+02 -1.580067e+02 2.100000e+00
    endloop
  endfacet
  facet normal -1.903650e-01 -9.817133e-01 -4.105875e-04
    outer loop
      vertex   -1.030052e+02 -1.583198e+02 -7.500000e-01
      vertex   -1.046258e+02 -1.580067e+02 2.100000e+00
      vertex   -1.046499e+02 -1.580008e+02 -7.500000e-01
    endloop
  endfacet
  facet normal -2.817325e-01 -9.594929e-01 4.081211e-04
    outer loop
      vertex   -1.046499e+02 -1.580008e+02 -7.500000e-01
      vertex   -1.046258e+02 -1.580067e+02 2.100000e+00
      vertex   -1.062237e+02 -1.575375e+02 2.100000e+00
    endloop
  endfacet
  facet normal -2.833647e-01 -9.590120e-01 -5.713694e-04
    outer loop
      vertex   -1.046499e+02 -1.580008e+02 -7.500000e-01
      vertex   -1.062237e+02 -1.575375e+02 2.100000e+00
      vertex   -1.062565e+02 -1.575261e+02 -7.500000e-01
    endloop
  endfacet
  facet normal -3.716624e-01 -9.283678e-01 5.679163e-04
    outer loop
      vertex   -1.062565e+02 -1.575261e+02 -7.500000e-01
      vertex   -1.062237e+02 -1.575375e+02 2.100000e+00
      vertex   -1.077698e+02 -1.569186e+02 2.100000e+00
    endloop
  endfacet
  facet normal -3.737676e-01 -9.275221e-01 -7.301780e-04
    outer loop
      vertex   -1.062565e+02 -1.575261e+02 -7.500000e-01
      vertex   -1.077698e+02 -1.569186e+02 2.100000e+00
      vertex   -1.078104e+02 -1.569000e+02 -7.500000e-01
    endloop
  endfacet
  facet normal -4.582264e-01 -8.888352e-01 7.257382e-04
    outer loop
      vertex   -1.078104e+02 -1.569000e+02 -7.500000e-01
      vertex   -1.077698e+02 -1.569186e+02 2.100000e+00
      vertex   -1.092500e+02 -1.561554e+02 2.100000e+00
    endloop
  endfacet
  facet normal -4.607452e-01 -8.875320e-01 -8.870131e-04
    outer loop
      vertex   -1.078104e+02 -1.569000e+02 -7.500000e-01
      vertex   -1.092500e+02 -1.561554e+02 2.100000e+00
      vertex   -1.092972e+02 -1.561281e+02 -7.500000e-01
    endloop
  endfacet
  facet normal -5.406406e-01 -8.412532e-01 8.815867e-04
    outer loop
      vertex   -1.092972e+02 -1.561281e+02 -7.500000e-01
      vertex   -1.092500e+02 -1.561554e+02 2.100000e+00
      vertex   -1.106510e+02 -1.552551e+02 2.100000e+00
    endloop
  endfacet
  facet normal -5.435003e-01 -8.394083e-01 -1.041875e-03
    outer loop
      vertex   -1.092972e+02 -1.561281e+02 -7.500000e-01
      vertex   -1.106510e+02 -1.552551e+02 2.100000e+00
      vertex   -1.107035e+02 -1.552176e+02 -7.500000e-01
    endloop
  endfacet
  facet normal -6.181587e-01 -7.860527e-01 1.035462e-03
    outer loop
      vertex   -1.107035e+02 -1.552176e+02 -7.500000e-01
      vertex   -1.106510e+02 -1.552551e+02 2.100000e+00
      vertex   -1.119601e+02 -1.542256e+02 2.100000e+00
    endloop
  endfacet
  facet normal -6.212745e-01 -7.835921e-01 -1.194763e-03
    outer loop
      vertex   -1.107035e+02 -1.552176e+02 -7.500000e-01
      vertex   -1.119601e+02 -1.542256e+02 2.100000e+00
      vertex   -1.120162e+02 -1.541767e+02 -7.500000e-01
    endloop
  endfacet
  facet normal -6.900785e-01 -7.237335e-01 1.187363e-03
    outer loop
      vertex   -1.120162e+02 -1.541767e+02 -7.500000e-01
      vertex   -1.119601e+02 -1.542256e+02 2.100000e+00
      vertex   -1.131653e+02 -1.530764e+02 2.100000e+00
    endloop
  endfacet
  facet normal -6.933552e-01 -7.205947e-01 -1.345678e-03
    outer loop
      vertex   -1.120162e+02 -1.541767e+02 -7.500000e-01
      vertex   -1.131653e+02 -1.530764e+02 2.100000e+00
      vertex   -1.132234e+02 -1.530152e+02 -7.500000e-01
    endloop
  endfacet
  facet normal -7.557489e-01 -6.548601e-01 1.337291e-03
    outer loop
      vertex   -1.132234e+02 -1.530152e+02 -7.500000e-01
      vertex   -1.131653e+02 -1.530764e+02 2.100000e+00
      vertex   -1.142559e+02 -1.518178e+02 2.100000e+00
    endloop
  endfacet
  facet normal -7.590817e-01 -6.509936e-01 -1.494619e-03
    outer loop
      vertex   -1.132234e+02 -1.530152e+02 -7.500000e-01
      vertex   -1.142559e+02 -1.518178e+02 2.100000e+00
      vertex   -1.143140e+02 -1.517435e+02 -7.500000e-01
    endloop
  endfacet
  facet normal -8.145751e-01 -5.800563e-01 1.485245e-03
    outer loop
      vertex   -1.143140e+02 -1.517435e+02 -7.500000e-01
      vertex   -1.142559e+02 -1.518178e+02 2.100000e+00
      vertex   -1.152219e+02 -1.504612e+02 2.100000e+00
    endloop
  endfacet
  facet normal -8.178517e-01 -5.754267e-01 -1.641586e-03
    outer loop
      vertex   -1.143140e+02 -1.517435e+02 -7.500000e-01
      vertex   -1.152219e+02 -1.504612e+02 2.100000e+00
      vertex   -1.152780e+02 -1.503734e+02 -7.500000e-01
    endloop
  endfacet
  facet normal -8.660243e-01 -4.999993e-01 1.631226e-03
    outer loop
      vertex   -1.152780e+02 -1.503734e+02 -7.500000e-01
      vertex   -1.152219e+02 -1.504612e+02 2.100000e+00
      vertex   -1.160546e+02 -1.490190e+02 2.100000e+00
    endloop
  endfacet
  facet normal -8.691267e-01 -4.945863e-01 -1.786580e-03
    outer loop
      vertex   -1.152780e+02 -1.503734e+02 -7.500000e-01
      vertex   -1.160546e+02 -1.490190e+02 2.100000e+00
      vertex   -1.161066e+02 -1.489173e+02 -7.500000e-01
    endloop
  endfacet
  facet normal -9.096306e-01 -4.154144e-01 1.775233e-03
    outer loop
      vertex   -1.161066e+02 -1.489173e+02 -7.500000e-01
      vertex   -1.160546e+02 -1.490190e+02 2.100000e+00
      vertex   -1.167464e+02 -1.475041e+02 2.100000e+00
    endloop
  endfacet
  facet normal -9.124366e-01 -4.092135e-01 -1.929600e-03
    outer loop
      vertex   -1.161066e+02 -1.489173e+02 -7.500000e-01
      vertex   -1.167464e+02 -1.475041e+02 2.100000e+00
      vertex   -1.167921e+02 -1.473887e+02 -7.500000e-01
    endloop
  endfacet
  facet normal -9.449991e-01 -3.270674e-01 1.917266e-03
    outer loop
      vertex   -1.167921e+02 -1.473887e+02 -7.500000e-01
      vertex   -1.167464e+02 -1.475041e+02 2.100000e+00
      vertex   -1.172911e+02 -1.459303e+02 2.100000e+00
    endloop
  endfacet
  facet normal -9.473847e-01 -3.200905e-01 -2.070646e-03
    outer loop
      vertex   -1.167921e+02 -1.473887e+02 -7.500000e-01
      vertex   -1.172911e+02 -1.459303e+02 2.100000e+00
      vertex   -1.173284e+02 -1.458016e+02 -7.500000e-01
    endloop
  endfacet
  facet normal -9.718095e-01 -2.357584e-01 2.057325e-03
    outer loop
      vertex   -1.173284e+02 -1.458016e+02 -7.500000e-01
      vertex   -1.172911e+02 -1.459303e+02 2.100000e+00
      vertex   -1.176838e+02 -1.443119e+02 2.100000e+00
    endloop
  endfacet
  facet normal -9.736506e-01 -2.280342e-01 -2.209718e-03
    outer loop
      vertex   -1.173284e+02 -1.458016e+02 -7.500000e-01
      vertex   -1.176838e+02 -1.443119e+02 2.100000e+00
      vertex   -1.177104e+02 -1.441705e+02 -7.500000e-01
    endloop
  endfacet
  facet normal -9.898191e-01 -1.423145e-01 2.195410e-03
    outer loop
      vertex   -1.177104e+02 -1.441705e+02 -7.500000e-01
      vertex   -1.176838e+02 -1.443119e+02 2.100000e+00
      vertex   -1.179208e+02 -1.426635e+02 2.100000e+00
    endloop
  endfacet
  facet normal -9.909937e-01 -1.338882e-01 -2.346816e-03
    outer loop
      vertex   -1.177104e+02 -1.441705e+02 -7.500000e-01
      vertex   -1.179208e+02 -1.426635e+02 2.100000e+00
      vertex   -1.179347e+02 -1.425103e+02 -7.500000e-01
    endloop
  endfacet
  facet normal -9.988646e-01 -4.758179e-02 2.331522e-03
    outer loop
      vertex   -1.179347e+02 -1.425103e+02 -7.500000e-01
      vertex   -1.179208e+02 -1.426635e+02 2.100000e+00
      vertex   -1.180000e+02 -1.410000e+02 2.100000e+00
    endloop
  endfacet
  facet normal -9.992549e-01 -3.851525e-02 -2.481941e-03
    outer loop
      vertex   -1.179347e+02 -1.425103e+02 -7.500000e-01
      vertex   -1.180000e+02 -1.410000e+02 2.100000e+00
      vertex   -1.179992e+02 -1.408362e+02 -7.500000e-01
    endloop
  endfacet
  facet normal -9.988643e-01 4.758177e-02 2.465659e-03
    outer loop
      vertex   -1.179992e+02 -1.408362e+02 -7.500000e-01
      vertex   -1.180000e+02 -1.410000e+02 2.100000e+00
      vertex   -1.179208e+02 -1.393365e+02 2.100000e+00
    endloop
  endfacet
  facet normal -9.983587e-01 5.721062e-02 -2.615091e-03
    outer loop
      vertex   -1.179992e+02 -1.408362e+02 -7.500000e-01
      vertex   -1.179208e+02 -1.393365e+02 2.100000e+00
      vertex   -1.179034e+02 -1.391637e+02 -7.500000e-01
    endloop
  endfacet
  facet normal -9.898181e-01 1.423144e-01 2.597823e-03
    outer loop
      vertex   -1.179034e+02 -1.391637e+02 -7.500000e-01
      vertex   -1.179208e+02 -1.393365e+02 2.100000e+00
      vertex   -1.176838e+02 -1.376881e+02 2.100000e+00
    endloop
  endfacet
  facet normal -9.883132e-01 1.524121e-01 -2.746267e-03
    outer loop
      vertex   -1.179034e+02 -1.391637e+02 -7.500000e-01
      vertex   -1.176838e+02 -1.376881e+02 2.100000e+00
      vertex   -1.176481e+02 -1.375080e+02 -7.500000e-01
    endloop
  endfacet
  facet normal -9.718080e-01 2.357581e-01 2.728012e-03
    outer loop
      vertex   -1.176481e+02 -1.375080e+02 -7.500000e-01
      vertex   -1.176838e+02 -1.376881e+02 2.100000e+00
      vertex   -1.172911e+02 -1.360697e+02 2.100000e+00
    endloop
  endfacet
  facet normal -9.692105e-01 2.462168e-01 -2.875469e-03
    outer loop
      vertex   -1.176481e+02 -1.375080e+02 -7.500000e-01
      vertex   -1.172911e+02 -1.360697e+02 2.100000e+00
      vertex   -1.172356e+02 -1.358843e+02 -7.500000e-01
    endloop
  endfacet
  facet normal -9.449970e-01 3.270666e-01 2.856227e-03
    outer loop
      vertex   -1.172356e+02 -1.358843e+02 -7.500000e-01
      vertex   -1.172911e+02 -1.360697e+02 2.100000e+00
      vertex   -1.167464e+02 -1.344959e+02 2.100000e+00
    endloop
  endfacet
  facet normal -9.412257e-01 3.377650e-01 -3.002697e-03
    outer loop
      vertex   -1.172356e+02 -1.358843e+02 -7.500000e-01
      vertex   -1.167464e+02 -1.344959e+02 2.100000e+00
      vertex   -1.166697e+02 -1.343074e+02 -7.500000e-01
    endloop
  endfacet
  facet normal -9.096279e-01 4.154132e-01 2.982468e-03
    outer loop
      vertex   -1.166697e+02 -1.343074e+02 -7.500000e-01
      vertex   -1.167464e+02 -1.344959e+02 2.100000e+00
      vertex   -1.160546e+02 -1.329810e+02 2.100000e+00
    endloop
  endfacet
  facet normal -9.046152e-01 4.262178e-01 -3.127951e-03
    outer loop
      vertex   -1.166697e+02 -1.343074e+02 -7.500000e-01
      vertex   -1.160546e+02 -1.329810e+02 2.100000e+00
      vertex   -1.159557e+02 -1.327920e+02 -7.500000e-01
    endloop
  endfacet
  facet normal -8.660212e-01 4.999976e-01 3.106735e-03
    outer loop
      vertex   -1.159557e+02 -1.327920e+02 -7.500000e-01
      vertex   -1.160546e+02 -1.329810e+02 2.100000e+00
      vertex   -1.152219e+02 -1.315388e+02 2.100000e+00
    endloop
  endfacet
  facet normal -8.597145e-01 5.107645e-01 -3.251231e-03
    outer loop
      vertex   -1.159557e+02 -1.327920e+02 -7.500000e-01
      vertex   -1.152219e+02 -1.315388e+02 2.100000e+00
      vertex   -1.151000e+02 -1.313517e+02 -7.500000e-01
    endloop
  endfacet
  facet normal -8.145717e-01 5.800539e-01 3.229028e-03
    outer loop
      vertex   -1.151000e+02 -1.313517e+02 -7.500000e-01
      vertex   -1.152219e+02 -1.315388e+02 2.100000e+00
      vertex   -1.142559e+02 -1.301822e+02 2.100000e+00
    endloop
  endfacet
  facet normal -8.074625e-01 5.899117e-01 -2.921508e-03
    outer loop
      vertex   -1.151000e+02 -1.313517e+02 -7.500000e-01
      vertex   -1.142559e+02 -1.301822e+02 2.100000e+00
      vertex   -1.141301e+02 -1.300241e+02 -7.500000e-01
    endloop
  endfacet
  facet normal -7.557463e-01 6.548579e-01 2.964555e-03
    outer loop
      vertex   -1.141301e+02 -1.300241e+02 -7.500000e-01
      vertex   -1.142559e+02 -1.301822e+02 2.100000e+00
      vertex   -1.131653e+02 -1.289236e+02 2.100000e+00
    endloop
  endfacet
  facet normal -7.485386e-01 6.630859e-01 -2.652501e-03
    outer loop
      vertex   -1.141301e+02 -1.300241e+02 -7.500000e-01
      vertex   -1.131653e+02 -1.289236e+02 2.100000e+00
      vertex   -1.130399e+02 -1.287934e+02 -7.500000e-01
    endloop
  endfacet
  facet normal -6.900765e-01 7.237314e-01 2.691016e-03
    outer loop
      vertex   -1.130399e+02 -1.287934e+02 -7.500000e-01
      vertex   -1.131653e+02 -1.289236e+02 2.100000e+00
      vertex   -1.119601e+02 -1.277744e+02 2.100000e+00
    endloop
  endfacet
  facet normal -6.830076e-01 7.304074e-01 -2.374430e-03
    outer loop
      vertex   -1.130399e+02 -1.287934e+02 -7.500000e-01
      vertex   -1.119601e+02 -1.277744e+02 2.100000e+00
      vertex   -1.118390e+02 -1.276705e+02 -7.500000e-01
    endloop
  endfacet
  facet normal -6.181572e-01 7.860508e-01 2.408413e-03
    outer loop
      vertex   -1.118390e+02 -1.276705e+02 -7.500000e-01
      vertex   -1.119601e+02 -1.277744e+02 2.100000e+00
      vertex   -1.106510e+02 -1.267449e+02 2.100000e+00
    endloop
  endfacet
  facet normal -6.114478e-01 7.912820e-01 -2.087295e-03
    outer loop
      vertex   -1.118390e+02 -1.276705e+02 -7.500000e-01
      vertex   -1.106510e+02 -1.267449e+02 2.100000e+00
      vertex   -1.105381e+02 -1.266652e+02 -7.500000e-01
    endloop
  endfacet
  facet normal -5.406396e-01 8.412516e-01 2.116746e-03
    outer loop
      vertex   -1.105381e+02 -1.266652e+02 -7.500000e-01
      vertex   -1.106510e+02 -1.267449e+02 2.100000e+00
      vertex   -1.092500e+02 -1.258446e+02 2.100000e+00
    endloop
  endfacet
  facet normal -5.344909e-01 8.451723e-01 -1.791095e-03
    outer loop
      vertex   -1.105381e+02 -1.266652e+02 -7.500000e-01
      vertex   -1.092500e+02 -1.258446e+02 2.100000e+00
      vertex   -1.091485e+02 -1.257864e+02 -7.500000e-01
    endloop
  endfacet
  facet normal -4.582258e-01 8.888340e-01 1.816015e-03
    outer loop
      vertex   -1.091485e+02 -1.257864e+02 -7.500000e-01
      vertex   -1.092500e+02 -1.258446e+02 2.100000e+00
      vertex   -1.077698e+02 -1.250814e+02 2.100000e+00
    endloop
  endfacet
  facet normal -4.528161e-01 8.916027e-01 -1.485832e-03
    outer loop
      vertex   -1.091485e+02 -1.257864e+02 -7.500000e-01
      vertex   -1.077698e+02 -1.250814e+02 2.100000e+00
      vertex   -1.076826e+02 -1.250419e+02 -7.500000e-01
    endloop
  endfacet
  facet normal -3.716620e-01 9.283669e-01 1.506221e-03
    outer loop
      vertex   -1.076826e+02 -1.250419e+02 -7.500000e-01
      vertex   -1.077698e+02 -1.250814e+02 2.100000e+00
      vertex   -1.062237e+02 -1.244625e+02 2.100000e+00
    endloop
  endfacet
  facet normal -3.671445e-01 9.301632e-01 -1.171506e-03
    outer loop
      vertex   -1.076826e+02 -1.250419e+02 -7.500000e-01
      vertex   -1.062237e+02 -1.244625e+02 2.100000e+00
      vertex   -1.061533e+02 -1.244383e+02 -7.500000e-01
    endloop
  endfacet
  facet normal -2.817324e-01 9.594923e-01 1.187363e-03
    outer loop
      vertex   -1.061533e+02 -1.244383e+02 -7.500000e-01
      vertex   -1.062237e+02 -1.244625e+02 2.100000e+00
      vertex   -1.046258e+02 -1.239933e+02 2.100000e+00
    endloop
  endfacet
  facet normal -2.782321e-01 9.605135e-01 -8.481172e-04
    outer loop
      vertex   -1.061533e+02 -1.244383e+02 -7.500000e-01
      vertex   -1.046258e+02 -1.239933e+02 2.100000e+00
      vertex   -1.045741e+02 -1.239808e+02 -7.500000e-01
    endloop
  endfacet
  facet normal -1.892512e-01 9.819283e-01 8.594435e-04
    outer loop
      vertex   -1.045741e+02 -1.239808e+02 -7.500000e-01
      vertex   -1.046258e+02 -1.239933e+02 2.100000e+00
      vertex   -1.029905e+02 -1.236781e+02 2.100000e+00
    endloop
  endfacet
  facet normal -1.868638e-01 9.823857e-01 -5.156663e-04
    outer loop
      vertex   -1.045741e+02 -1.239808e+02 -7.500000e-01
      vertex   -1.029905e+02 -1.236781e+02 2.100000e+00
      vertex   -1.029589e+02 -1.236736e+02 -7.500000e-01
    endloop
  endfacet
  facet normal -9.505603e-02 9.954718e-01 5.224619e-04
    outer loop
      vertex   -1.029589e+02 -1.236736e+02 -7.500000e-01
      vertex   -1.029905e+02 -1.236781e+02 2.100000e+00
      vertex   -1.013327e+02 -1.235198e+02 2.100000e+00
    endloop
  endfacet
  facet normal -9.384607e-02 9.955867e-01 -1.741540e-04
    outer loop
      vertex   -1.029589e+02 -1.236736e+02 -7.500000e-01
      vertex   -1.013327e+02 -1.235198e+02 2.100000e+00
      vertex   -1.013221e+02 -1.235193e+02 -7.500000e-01
    endloop
  endfacet
  facet normal 0.000000e+00 1.000000e+00 1.764191e-04
    outer loop
      vertex   -1.013221e+02 -1.235193e+02 -7.500000e-01
      vertex   -1.013327e+02 -1.235198e+02 2.100000e+00
      vertex   -9.966732e+01 -1.235198e+02 2.100000e+00
    endloop
  endfacet
  facet normal 0.000000e+00 0.000000e+00 1.000000e+00
    outer loop
      vertex   -8.307924e+01 -1.393365e+02 2.100000e+00
      vertex   -1.179208e+02 -1.393365e+02 2.100000e+00
      vertex   -8.300000e+01 -1.410000e+02 2.100000e+00
    endloop
  endfacet
  facet normal 0.000000e+00 0.000000e+00 1.000000e+00
    outer loop
      vertex   -8.300000e+01 -1.410000e+02 2.100000e+00
      vertex   -1.179208e+02 -1.393365e+02 2.100000e+00
      vertex   -1.180000e+02 -1.410000e+02 2.100000e+00
    endloop
  endfacet
  facet normal 0.000000e+00 0.000000e+00 1.000000e+00
    outer loop
      vertex   -8.300000e+01 -1.410000e+02 2.100000e+00
      vertex   -1.180000e+02 -1.410000e+02 2.100000e+00
      vertex   -8.307924e+01 -1.426635e+02 2.100000e+00
    endloop
  endfacet
  facet normal 0.000000e+00 0.000000e+00 1.000000e+00
    outer loop
      vertex   -8.307924e+01 -1.426635e+02 2.100000e+00
      vertex   -1.180000e+02 -1.410000e+02 2.100000e+00
      vertex   -1.179208e+02 -1.426635e+02 2.100000e+00
    endloop
  endfacet
  facet normal 0.000000e+00 0.000000e+00 1.000000e+00
    outer loop
      vertex   -8.307924e+01 -1.426635e+02 2.100000e+00
      vertex   -1.179208e+02 -1.426635e+02 2.100000e+00
      vertex   -8.331625e+01 -1.443119e+02 2.100000e+00
    endloop
  endfacet
  facet normal 0.000000e+00 0.000000e+00 1.000000e+00
    outer loop
      vertex   -8.331625e+01 -1.443119e+02 2.100000e+00
      vertex   -1.179208e+02 -1.426635e+02 2.100000e+00
      vertex   -1.176838e+02 -1.443119e+02 2.100000e+00
    endloop
  endfacet
  facet normal 0.000000e+00 0.000000e+00 1.000000e+00
    outer loop
      vertex   -8.331625e+01 -1.443119e+02 2.100000e+00
      vertex   -1.176838e+02 -1.443119e+02 2.100000e+00
      vertex   -8.370887e+01 -1.459303e+02 2.100000e+00
    endloop
  endfacet
  facet normal 0.000000e+00 0.000000e+00 1.000000e+00
    outer loop
      vertex   -8.370887e+01 -1.459303e+02 2.100000e+00
      vertex   -1.176838e+02 -1.443119e+02 2.100000e+00
      vertex   -1.172911e+02 -1.459303e+02 2.100000e+00
    endloop
  endfacet
  facet normal 0.000000e+00 0.000000e+00 1.000000e+00
    outer loop
      vertex   -8.370887e+01 -1.459303e+02 2.100000e+00
      vertex   -1.172911e+02 -1.459303e+02 2.100000e+00
      vertex   -8.425356e+01 -1.475041e+02 2.100000e+00
    endloop
  endfacet
  facet normal 0.000000e+00 0.000000e+00 1.000000e+00
    outer loop
      vertex   -8.425356e+01 -1.475041e+02 2.100000e+00
      vertex   -1.172911e+02 -1.459303e+02 2.100000e+00
      vertex   -1.167464e+02 -1.475041e+02 2.100000e+00
    endloop
  endfacet
  facet normal 0.000000e+00 0.000000e+00 1.000000e+00
    outer loop
      vertex   -8.425356e+01 -1.475041e+02 2.100000e+00
      vertex   -1.167464e+02 -1.475041e+02 2.100000e+00
      vertex   -8.494538e+01 -1.490190e+02 2.100000e+00
    endloop
  endfacet
  facet normal 0.000000e+00 0.000000e+00 1.000000e+00
    outer loop
      vertex   -8.494538e+01 -1.490190e+02 2.100000e+00
      vertex   -1.167464e+02 -1.475041e+02 2.100000e+00
      vertex   -1.160546e+02 -1.490190e+02 2.100000e+00
    endloop
  endfacet
  facet normal 0.000000e+00 0.000000e+00 1.000000e+00
    outer loop
      vertex   -8.494538e+01 -1.490190e+02 2.100000e+00
      vertex   -1.160546e+02 -1.490190e+02 2.100000e+00
      vertex   -8.577806e+01 -1.504612e+02 2.100000e+00
    endloop
  endfacet
  facet normal 0.000000e+00 0.000000e+00 1.000000e+00
    outer loop
      vertex   -8.577806e+01 -1.504612e+02 2.100000e+00
      vertex   -1.160546e+02 -1.490190e+02 2.100000e+00
      vertex   -1.152219e+02 -1.504612e+02 2.100000e+00
    endloop
  endfacet
  facet normal 0.000000e+00 0.000000e+00 1.000000e+00
    outer loop
      vertex   -8.577806e+01 -1.504612e+02 2.100000e+00
      vertex   -1.152219e+02 -1.504612e+02 2.100000e+00
      vertex   -8.674407e+01 -1.518178e+02 2.100000e+00
    endloop
  endfacet
  facet normal 0.000000e+00 0.000000e+00 1.000000e+00
    outer loop
      vertex   -8.674407e+01 -1.518178e+02 2.100000e+00
      vertex   -1.152219e+02 -1.504612e+02 2.100000e+00
      vertex   -1.142559e+02 -1.518178e+02 2.100000e+00
    endloop
  endfacet
  facet normal 0.000000e+00 0.000000e+00 1.000000e+00
    outer loop
      vertex   -8.674407e+01 -1.518178e+02 2.100000e+00
      vertex   -1.142559e+02 -1.518178e+02 2.100000e+00
      vertex   -8.783465e+01 -1.530764e+02 2.100000e+00
    endloop
  endfacet
  facet normal 0.000000e+00 0.000000e+00 1.000000e+00
    outer loop
      vertex   -8.783465e+01 -1.530764e+02 2.100000e+00
      vertex   -1.142559e+02 -1.518178e+02 2.100000e+00
      vertex   -1.131653e+02 -1.530764e+02 2.100000e+00
    endloop
  endfacet
  facet normal 0.000000e+00 0.000000e+00 1.000000e+00
    outer loop
      vertex   -8.783465e+01 -1.530764e+02 2.100000e+00
      vertex   -1.131653e+02 -1.530764e+02 2.100000e+00
      vertex   -8.903994e+01 -1.542256e+02 2.100000e+00
    endloop
  endfacet
  facet normal 0.000000e+00 0.000000e+00 1.000000e+00
    outer loop
      vertex   -8.903994e+01 -1.542256e+02 2.100000e+00
      vertex   -1.131653e+02 -1.530764e+02 2.100000e+00
      vertex   -1.119601e+02 -1.542256e+02 2.100000e+00
    endloop
  endfacet
  facet normal 0.000000e+00 0.000000e+00 1.000000e+00
    outer loop
      vertex   -8.903994e+01 -1.542256e+02 2.100000e+00
      vertex   -1.119601e+02 -1.542256e+02 2.100000e+00
      vertex   -9.034900e+01 -1.552551e+02 2.100000e+00
    endloop
  endfacet
  facet normal 0.000000e+00 0.000000e+00 1.000000e+00
    outer loop
      vertex   -9.034900e+01 -1.552551e+02 2.100000e+00
      vertex   -1.119601e+02 -1.542256e+02 2.100000e+00
      vertex   -1.106510e+02 -1.552551e+02 2.100000e+00
    endloop
  endfacet
  facet normal 0.000000e+00 0.000000e+00 1.000000e+00
    outer loop
      vertex   -9.034900e+01 -1.552551e+02 2.100000e+00
      vertex   -1.106510e+02 -1.552551e+02 2.100000e+00
      vertex   -9.175000e+01 -1.561554e+02 2.100000e+00
    endloop
  endfacet
  facet normal 0.000000e+00 0.000000e+00 1.000000e+00
    outer loop
      vertex   -9.175000e+01 -1.561554e+02 2.100000e+00
      vertex   -1.106510e+02 -1.552551e+02 2.100000e+00
      vertex   -1.092500e+02 -1.561554e+02 2.100000e+00
    endloop
  endfacet
  facet normal 0.000000e+00 0.000000e+00 1.000000e+00
    outer loop
      vertex   -9.175000e+01 -1.561554e+02 2.100000e+00
      vertex   -1.092500e+02 -1.561554e+02 2.100000e+00
      vertex   -9.323024e+01 -1.569186e+02 2.100000e+00
    endloop
  endfacet
  facet normal 0.000000e+00 0.000000e+00 1.000000e+00
    outer loop
      vertex   -9.323024e+01 -1.569186e+02 2.100000e+00
      vertex   -1.092500e+02 -1.561554e+02 2.100000e+00
      vertex   -1.077698e+02 -1.569186e+02 2.100000e+00
    endloop
  endfacet
  facet normal 0.000000e+00 0.000000e+00 1.000000e+00
    outer loop
      vertex   -9.323024e+01 -1.569186e+02 2.100000e+00
      vertex   -1.077698e+02 -1.569186e+02 2.100000e+00
      vertex   -9.477631e+01 -1.575375e+02 2.100000e+00
    endloop
  endfacet
  facet normal 0.000000e+00 0.000000e+00 1.000000e+00
    outer loop
      vertex   -9.477631e+01 -1.575375e+02 2.100000e+00
      vertex   -1.077698e+02 -1.569186e+02 2.100000e+00
      vertex   -1.062237e+02 -1.575375e+02 2.100000e+00
    endloop
  endfacet
  facet normal 0.000000e+00 0.000000e+00 1.000000e+00
    outer loop
      vertex   -9.477631e+01 -1.575375e+02 2.100000e+00
      vertex   -1.062237e+02 -1.575375e+02 2.100000e+00
      vertex   -9.637422e+01 -1.580067e+02 2.100000e+00
    endloop
  endfacet
  facet normal 0.000000e+00 0.000000e+00 1.000000e+00
    outer loop
      vertex   -9.637422e+01 -1.580067e+02 2.100000e+00
      vertex   -1.062237e+02 -1.575375e+02 2.100000e+00
      vertex   -1.046258e+02 -1.580067e+02 2.100000e+00
    endloop
  endfacet
  facet normal 0.000000e+00 0.000000e+00 1.000000e+00
    outer loop
      vertex   -9.637422e+01 -1.580067e+02 2.100000e+00
      vertex   -1.046258e+02 -1.580067e+02 2.100000e+00
      vertex   -9.800949e+01 -1.583219e+02 2.100000e+00
    endloop
  endfacet
  facet normal 0.000000e+00 0.000000e+00 1.000000e+00
    outer loop
      vertex   -9.800949e+01 -1.583219e+02 2.100000e+00
      vertex   -1.046258e+02 -1.580067e+02 2.100000e+00
      vertex   -1.029905e+02 -1.583219e+02 2.100000e+00
    endloop
  endfacet
  facet normal 0.000000e+00 0.000000e+00 1.000000e+00
    outer loop
      vertex   -9.800949e+01 -1.583219e+02 2.100000e+00
      vertex   -1.029905e+02 -1.583219e+02 2.100000e+00
      vertex   -9.966732e+01 -1.584802e+02 2.100000e+00
    endloop
  endfacet
  facet normal 0.000000e+00 0.000000e+00 1.000000e+00
    outer loop
      vertex   -9.966732e+01 -1.584802e+02 2.100000e+00
      vertex   -1.029905e+02 -1.583219e+02 2.100000e+00
      vertex   -1.013327e+02 -1.584802e+02 2.100000e+00
    endloop
  endfacet
  facet normal 0.000000e+00 0.000000e+00 1.000000e+00
    outer loop
      vertex   -1.179208e+02 -1.393365e+02 2.100000e+00
      vertex   -8.307924e+01 -1.393365e+02 2.100000e+00
      vertex   -1.176838e+02 -1.376881e+02 2.100000e+00
    endloop
  endfacet
  facet normal -0.000000e+00 0.000000e+00 1.000000e+00
    outer loop
      vertex   -1.176838e+02 -1.376881e+02 2.100000e+00
      vertex   -8.307924e+01 -1.393365e+02 2.100000e+00
      vertex   -8.331625e+01 -1.376881e+02 2.100000e+00
    endloop
  endfacet
  facet normal 0.000000e+00 0.000000e+00 1.000000e+00
    outer loop
      vertex   -1.176838e+02 -1.376881e+02 2.100000e+00
      vertex   -8.331625e+01 -1.376881e+02 2.100000e+00
      vertex   -1.172911e+02 -1.360697e+02 2.100000e+00
    endloop
  endfacet
  facet normal 0.000000e+00 0.000000e+00 1.000000e+00
    outer loop
      vertex   -1.172911e+02 -1.360697e+02 2.100000e+00
      vertex   -8.331625e+01 -1.376881e+02 2.100000e+00
      vertex   -8.370887e+01 -1.360697e+02 2.100000e+00
    endloop
  endfacet
  facet normal -0.000000e+00 0.000000e+00 1.000000e+00
    outer loop
      vertex   -1.172911e+02 -1.360697e+02 2.100000e+00
      vertex   -8.370887e+01 -1.360697e+02 2.100000e+00
      vertex   -1.167464e+02 -1.344959e+02 2.100000e+00
    endloop
  endfacet
  facet normal -0.000000e+00 0.000000e+00 1.000000e+00
    outer loop
      vertex   -1.167464e+02 -1.344959e+02 2.100000e+00
      vertex   -8.370887e+01 -1.360697e+02 2.100000e+00
      vertex   -8.425356e+01 -1.344959e+02 2.100000e+00
    endloop
  endfacet
  facet normal 0.000000e+00 0.000000e+00 1.000000e+00
    outer loop
      vertex   -1.167464e+02 -1.344959e+02 2.100000e+00
      vertex   -8.425356e+01 -1.344959e+02 2.100000e+00
      vertex   -1.160546e+02 -1.329810e+02 2.100000e+00
    endloop
  endfacet
  facet normal -0.000000e+00 0.000000e+00 1.000000e+00
    outer loop
      vertex   -1.160546e+02 -1.329810e+02 2.100000e+00
      vertex   -8.425356e+01 -1.344959e+02 2.100000e+00
      vertex   -8.494538e+01 -1.329810e+02 2.100000e+00
    endloop
  endfacet
  facet normal 0.000000e+00 0.000000e+00 1.000000e+00
    outer loop
      vertex   -1.160546e+02 -1.329810e+02 2.100000e+00
      vertex   -8.494538e+01 -1.329810e+02 2.100000e+00
      vertex   -1.152219e+02 -1.315388e+02 2.100000e+00
    endloop
  endfacet
  facet normal -0.000000e+00 0.000000e+00 1.000000e+00
    outer loop
      vertex   -1.152219e+02 -1.315388e+02 2.100000e+00
      vertex   -8.494538e+01 -1.329810e+02 2.100000e+00
      vertex   -8.577806e+01 -1.315388e+02 2.100000e+00
    endloop
  endfacet
  facet normal 0.000000e+00 0.000000e+00 1.000000e+00
    outer loop
      vertex   -1.152219e+02 -1.315388e+02 2.100000e+00
      vertex   -8.577806e+01 -1.315388e+02 2.100000e+00
      vertex   -1.142559e+02 -1.301822e+02 2.100000e+00
    endloop
  endfacet
  facet normal -0.000000e+00 0.000000e+00 1.000000e+00
    outer loop
      vertex   -1.142559e+02 -1.301822e+02 2.100000e+00
      vertex   -8.577806e+01 -1.315388e+02 2.100000e+00
      vertex   -8.674407e+01 -1.301822e+02 2.100000e+00
    endloop
  endfacet
  facet normal 0.000000e+00 0.000000e+00 1.000000e+00
    outer loop
      vertex   -1.142559e+02 -1.301822e+02 2.100000e+00
      vertex   -8.674407e+01 -1.301822e+02 2.100000e+00
      vertex   -1.131653e+02 -1.289236e+02 2.100000e+00
    endloop
  endfacet
  facet normal -0.000000e+00 0.000000e+00 1.000000e+00
    outer loop
      vertex   -1.131653e+02 -1.289236e+02 2.100000e+00
      vertex   -8.674407e+01 -1.301822e+02 2.100000e+00
      vertex   -8.783465e+01 -1.289236e+02 2.100000e+00
    endloop
  endfacet
  facet normal 0.000000e+00 0.000000e+00 1.000000e+00
    outer loop
      vertex   -1.131653e+02 -1.289236e+02 2.100000e+00
      vertex   -8.783465e+01 -1.289236e+02 2.100000e+00
      vertex   -1.119601e+02 -1.277744e+02 2.100000e+00
    endloop
  endfacet
  facet normal -0.000000e+00 0.000000e+00 1.000000e+00
    outer loop
      vertex   -1.119601e+02 -1.277744e+02 2.100000e+00
      vertex   -8.783465e+01 -1.289236e+02 2.100000e+00
      vertex   -8.903994e+01 -1.277744e+02 2.100000e+00
    endloop
  endfacet
  facet normal 0.000000e+00 0.000000e+00 1.000000e+00
    outer loop
      vertex   -1.119601e+02 -1.277744e+02 2.100000e+00
      vertex   -8.903994e+01 -1.277744e+02 2.100000e+00
      vertex   -1.106510e+02 -1.267449e+02 2.100000e+00
    endloop
  endfacet
  facet normal -0.000000e+00 0.000000e+00 1.000000e+00
    outer loop
      vertex   -1.106510e+02 -1.267449e+02 2.100000e+00
      vertex   -8.903994e+01 -1.277744e+02 2.100000e+00
      vertex   -9.034900e+01 -1.267449e+02 2.100000e+00
    endloop
  endfacet
  facet normal 0.000000e+00 0.000000e+00 1.000000e+00
    outer loop
      vertex   -1.106510e+02 -1.267449e+02 2.100000e+00
      vertex   -9.034900e+01 -1.267449e+02 2.100000e+00
      vertex   -1.092500e+02 -1.258446e+02 2.100000e+00
    endloop
  endfacet
  facet normal -0.000000e+00 0.000000e+00 1.000000e+00
    outer loop
      vertex   -1.092500e+02 -1.258446e+02 2.100000e+00
      vertex   -9.034900e+01 -1.267449e+02 2.100000e+00
      vertex   -9.175000e+01 -1.258446e+02 2.100000e+00
    endloop
  endfacet
  facet normal 0.000000e+00 0.000000e+00 1.000000e+00
    outer loop
      vertex   -1.092500e+02 -1.258446e+02 2.100000e+00
      vertex   -9.175000e+01 -1.258446e+02 2.100000e+00
      vertex   -1.077698e+02 -1.250814e+02 2.100000e+00
    endloop
  endfacet
  facet normal -0.000000e+00 0.000000e+00 1.000000e+00
    outer loop
      vertex   -1.077698e+02 -1.250814e+02 2.100000e+00
      vertex   -9.175000e+01 -1.258446e+02 2.100000e+00
      vertex   -9.323024e+01 -1.250814e+02 2.100000e+00
    endloop
  endfacet
  facet normal 0.000000e+00 0.000000e+00 1.000000e+00
    outer loop
      vertex   -1.077698e+02 -1.250814e+02 2.100000e+00
      vertex   -9.323024e+01 -1.250814e+02 2.100000e+00
      vertex   -1.062237e+02 -1.244625e+02 2.100000e+00
    endloop
  endfacet
  facet normal -0.000000e+00 0.000000e+00 1.000000e+00
    outer loop
      vertex   -1.062237e+02 -1.244625e+02 2.100000e+00
      vertex   -9.323024e+01 -1.250814e+02 2.100000e+00
      vertex   -9.477631e+01 -1.244625e+02 2.100000e+00
    endloop
  endfacet
  facet normal 0.000000e+00 0.000000e+00 1.000000e+00
    outer loop
      vertex   -1.062237e+02 -1.244625e+02 2.100000e+00
      vertex   -9.477631e+01 -1.244625e+02 2.100000e+00
      vertex   -1.046258e+02 -1.239933e+02 2.100000e+00
    endloop
  endfacet
  facet normal -0.000000e+00 0.000000e+00 1.000000e+00
    outer loop
      vertex   -1.046258e+02 -1.239933e+02 2.100000e+00
      vertex   -9.477631e+01 -1.244625e+02 2.100000e+00
      vertex   -9.637422e+01 -1.239933e+02 2.100000e+00
    endloop
  endfacet
  facet normal 0.000000e+00 0.000000e+00 1.000000e+00
    outer loop
      vertex   -1.046258e+02 -1.239933e+02 2.100000e+00
      vertex   -9.637422e+01 -1.239933e+02 2.100000e+00
      vertex   -1.029905e+02 -1.236781e+02 2.100000e+00
    endloop
  endfacet
  facet normal -0.000000e+00 0.000000e+00 1.000000e+00
    outer loop
      vertex   -1.029905e+02 -1.236781e+02 2.100000e+00
      vertex   -9.637422e+01 -1.239933e+02 2.100000e+00
      vertex   -9.800949e+01 -1.236781e+02 2.100000e+00
    endloop
  endfacet
  facet normal 0.000000e+00 0.000000e+00 1.000000e+00
    outer loop
      vertex   -1.029905e+02 -1.236781e+02 2.100000e+00
      vertex   -9.800949e+01 -1.236781e+02 2.100000e+00
      vertex   -1.013327e+02 -1.235198e+02 2.100000e+00
    endloop
  endfacet
  facet normal -0.000000e+00 0.000000e+00 1.000000e+00
    outer loop
      vertex   -1.013327e+02 -1.235198e+02 2.100000e+00
      vertex   -9.800949e+01 -1.236781e+02 2.100000e+00
      vertex   -9.966732e+01 -1.235198e+02 2.100000e+00
    endloop
  endfacet
  facet normal 0.000000e+00 0.000000e+00 -1.000000e+00
    outer loop
      vertex   -8.590000e+01 -1.313517e+02 -7.500000e-01
      vertex   -8.504432e+01 -1.327920e+02 -7.500000e-01
      vertex   -8.590000e+01 -1.410000e+02 -7.500000e-01
    endloop
  endfacet
  facet normal 0.000000e+00 0.000000e+00 -1.000000e+00
    outer loop
      vertex   -8.590000e+01 -1.410000e+02 -7.500000e-01
      vertex   -8.504432e+01 -1.327920e+02 -7.500000e-01
      vertex   -8.433028e+01 -1.343074e+02 -7.500000e-01
    endloop
  endfacet
  facet normal 0.000000e+00 0.000000e+00 -1.000000e+00
    outer loop
      vertex   -8.590000e+01 -1.410000e+02 -7.500000e-01
      vertex   -8.433028e+01 -1.343074e+02 -7.500000e-01
      vertex   -8.376443e+01 -1.358843e+02 -7.500000e-01
    endloop
  endfacet
  facet normal 0.000000e+00 -0.000000e+00 -1.000000e+00
    outer loop
      vertex   -8.376443e+01 -1.358843e+02 -7.500000e-01
      vertex   -8.335194e+01 -1.375080e+02 -7.500000e-01
      vertex   -8.590000e+01 -1.410000e+02 -7.500000e-01
    endloop
  endfacet
  facet normal 0.000000e+00 0.000000e+00 -1.000000e+00
    outer loop
      vertex   -8.590000e+01 -1.410000e+02 -7.500000e-01
      vertex   -8.335194e+01 -1.375080e+02 -7.500000e-01
      vertex   -8.309661e+01 -1.391637e+02 -7.500000e-01
    endloop
  endfacet
  facet normal 0.000000e+00 0.000000e+00 -1.000000e+00
    outer loop
      vertex   -8.590000e+01 -1.410000e+02 -7.500000e-01
      vertex   -8.309661e+01 -1.391637e+02 -7.500000e-01
      vertex   -8.300077e+01 -1.408362e+02 -7.500000e-01
    endloop
  endfacet
  facet normal 0.000000e+00 0.000000e+00 -1.000000e+00
    outer loop
      vertex   -8.300077e+01 -1.408362e+02 -7.500000e-01
      vertex   -8.306529e+01 -1.425103e+02 -7.500000e-01
      vertex   -8.590000e+01 -1.410000e+02 -7.500000e-01
    endloop
  endfacet
  facet normal 0.000000e+00 -0.000000e+00 -1.000000e+00
    outer loop
      vertex   -8.590000e+01 -1.410000e+02 -7.500000e-01
      vertex   -8.306529e+01 -1.425103e+02 -7.500000e-01
      vertex   -8.597998e+01 -1.425261e+02 -7.500000e-01
    endloop
  endfacet
  facet normal 0.000000e+00 0.000000e+00 -1.000000e+00
    outer loop
      vertex   -8.597998e+01 -1.425261e+02 -7.500000e-01
      vertex   -8.306529e+01 -1.425103e+02 -7.500000e-01
      vertex   -8.328959e+01 -1.441705e+02 -7.500000e-01
    endloop
  endfacet
  facet normal 0.000000e+00 -0.000000e+00 -1.000000e+00
    outer loop
      vertex   -8.597998e+01 -1.425261e+02 -7.500000e-01
      vertex   -8.328959e+01 -1.441705e+02 -7.500000e-01
      vertex   -8.621905e+01 -1.440355e+02 -7.500000e-01
    endloop
  endfacet
  facet normal 0.000000e+00 0.000000e+00 -1.000000e+00
    outer loop
      vertex   -8.621905e+01 -1.440355e+02 -7.500000e-01
      vertex   -8.328959e+01 -1.441705e+02 -7.500000e-01
      vertex   -8.367161e+01 -1.458016e+02 -7.500000e-01
    endloop
  endfacet
  facet normal 0.000000e+00 -0.000000e+00 -1.000000e+00
    outer loop
      vertex   -8.621905e+01 -1.440355e+02 -7.500000e-01
      vertex   -8.367161e+01 -1.458016e+02 -7.500000e-01
      vertex   -8.661457e+01 -1.455116e+02 -7.500000e-01
    endloop
  endfacet
  facet normal 0.000000e+00 0.000000e+00 -1.000000e+00
    outer loop
      vertex   -8.661457e+01 -1.455116e+02 -7.500000e-01
      vertex   -8.367161e+01 -1.458016e+02 -7.500000e-01
      vertex   -8.420786e+01 -1.473887e+02 -7.500000e-01
    endloop
  endfacet
  facet normal 0.000000e+00 -0.000000e+00 -1.000000e+00
    outer loop
      vertex   -8.661457e+01 -1.455116e+02 -7.500000e-01
      vertex   -8.420786e+01 -1.473887e+02 -7.500000e-01
      vertex   -8.716224e+01 -1.469384e+02 -7.500000e-01
    endloop
  endfacet
  facet normal 0.000000e+00 0.000000e+00 -1.000000e+00
    outer loop
      vertex   -8.716224e+01 -1.469384e+02 -7.500000e-01
      vertex   -8.420786e+01 -1.473887e+02 -7.500000e-01
      vertex   -8.489341e+01 -1.489173e+02 -7.500000e-01
    endloop
  endfacet
  facet normal 0.000000e+00 -0.000000e+00 -1.000000e+00
    outer loop
      vertex   -8.716224e+01 -1.469384e+02 -7.500000e-01
      vertex   -8.489341e+01 -1.489173e+02 -7.500000e-01
      vertex   -8.785603e+01 -1.483000e+02 -7.500000e-01
    endloop
  endfacet
  facet normal 0.000000e+00 0.000000e+00 -1.000000e+00
    outer loop
      vertex   -8.785603e+01 -1.483000e+02 -7.500000e-01
      vertex   -8.489341e+01 -1.489173e+02 -7.500000e-01
      vertex   -8.572198e+01 -1.503734e+02 -7.500000e-01
    endloop
  endfacet
  facet normal 0.000000e+00 -0.000000e+00 -1.000000e+00
    outer loop
      vertex   -8.785603e+01 -1.483000e+02 -7.500000e-01
      vertex   -8.572198e+01 -1.503734e+02 -7.500000e-01
      vertex   -8.868835e+01 -1.495817e+02 -7.500000e-01
    endloop
  endfacet
  facet normal 0.000000e+00 0.000000e+00 -1.000000e+00
    outer loop
      vertex   -8.868835e+01 -1.495817e+02 -7.500000e-01
      vertex   -8.572198e+01 -1.503734e+02 -7.500000e-01
      vertex   -8.668598e+01 -1.517435e+02 -7.500000e-01
    endloop
  endfacet
  facet normal 0.000000e+00 -0.000000e+00 -1.000000e+00
    outer loop
      vertex   -8.868835e+01 -1.495817e+02 -7.500000e-01
      vertex   -8.668598e+01 -1.517435e+02 -7.500000e-01
      vertex   -8.965009e+01 -1.507693e+02 -7.500000e-01
    endloop
  endfacet
  facet normal 0.000000e+00 0.000000e+00 -1.000000e+00
    outer loop
      vertex   -8.965009e+01 -1.507693e+02 -7.500000e-01
      vertex   -8.668598e+01 -1.517435e+02 -7.500000e-01
      vertex   -8.777658e+01 -1.530152e+02 -7.500000e-01
    endloop
  endfacet
  facet normal 0.000000e+00 -0.000000e+00 -1.000000e+00
    outer loop
      vertex   -8.965009e+01 -1.507693e+02 -7.500000e-01
      vertex   -8.777658e+01 -1.530152e+02 -7.500000e-01
      vertex   -9.073069e+01 -1.518499e+02 -7.500000e-01
    endloop
  endfacet
  facet normal 0.000000e+00 0.000000e+00 -1.000000e+00
    outer loop
      vertex   -9.073069e+01 -1.518499e+02 -7.500000e-01
      vertex   -8.777658e+01 -1.530152e+02 -7.500000e-01
      vertex   -8.898378e+01 -1.541767e+02 -7.500000e-01
    endloop
  endfacet
  facet normal 0.000000e+00 -0.000000e+00 -1.000000e+00
    outer loop
      vertex   -9.073069e+01 -1.518499e+02 -7.500000e-01
      vertex   -8.898378e+01 -1.541767e+02 -7.500000e-01
      vertex   -9.191834e+01 -1.528116e+02 -7.500000e-01
    endloop
  endfacet
  facet normal 0.000000e+00 0.000000e+00 -1.000000e+00
    outer loop
      vertex   -9.191834e+01 -1.528116e+02 -7.500000e-01
      vertex   -8.898378e+01 -1.541767e+02 -7.500000e-01
      vertex   -9.029652e+01 -1.552176e+02 -7.500000e-01
    endloop
  endfacet
  facet normal 0.000000e+00 -0.000000e+00 -1.000000e+00
    outer loop
      vertex   -9.191834e+01 -1.528116e+02 -7.500000e-01
      vertex   -9.029652e+01 -1.552176e+02 -7.500000e-01
      vertex   -9.320000e+01 -1.536440e+02 -7.500000e-01
    endloop
  endfacet
  facet normal 0.000000e+00 0.000000e+00 -1.000000e+00
    outer loop
      vertex   -9.320000e+01 -1.536440e+02 -7.500000e-01
      vertex   -9.029652e+01 -1.552176e+02 -7.500000e-01
      vertex   -9.170276e+01 -1.561281e+02 -7.500000e-01
    endloop
  endfacet
  facet normal 0.000000e+00 -0.000000e+00 -1.000000e+00
    outer loop
      vertex   -9.320000e+01 -1.536440e+02 -7.500000e-01
      vertex   -9.170276e+01 -1.561281e+02 -7.500000e-01
      vertex   -9.456165e+01 -1.543378e+02 -7.500000e-01
    endloop
  endfacet
  facet normal 0.000000e+00 0.000000e+00 -1.000000e+00
    outer loop
      vertex   -9.456165e+01 -1.543378e+02 -7.500000e-01
      vertex   -9.170276e+01 -1.561281e+02 -7.500000e-01
      vertex   -9.318963e+01 -1.569000e+02 -7.500000e-01
    endloop
  endfacet
  facet normal 0.000000e+00 -0.000000e+00 -1.000000e+00
    outer loop
      vertex   -9.456165e+01 -1.543378e+02 -7.500000e-01
      vertex   -9.318963e+01 -1.569000e+02 -7.500000e-01
      vertex   -9.598835e+01 -1.548854e+02 -7.500000e-01
    endloop
  endfacet
  facet normal 0.000000e+00 0.000000e+00 -1.000000e+00
    outer loop
      vertex   -9.598835e+01 -1.548854e+02 -7.500000e-01
      vertex   -9.318963e+01 -1.569000e+02 -7.500000e-01
      vertex   -9.474349e+01 -1.575261e+02 -7.500000e-01
    endloop
  endfacet
  facet normal 0.000000e+00 -0.000000e+00 -1.000000e+00
    outer loop
      vertex   -9.598835e+01 -1.548854e+02 -7.500000e-01
      vertex   -9.474349e+01 -1.575261e+02 -7.500000e-01
      vertex   -9.746449e+01 -1.552810e+02 -7.500000e-01
    endloop
  endfacet
  facet normal 0.000000e+00 0.000000e+00 -1.000000e+00
    outer loop
      vertex   -9.746449e+01 -1.552810e+02 -7.500000e-01
      vertex   -9.474349e+01 -1.575261e+02 -7.500000e-01
      vertex   -9.635011e+01 -1.580008e+02 -7.500000e-01
    endloop
  endfacet
  facet normal 0.000000e+00 -0.000000e+00 -1.000000e+00
    outer loop
      vertex   -9.746449e+01 -1.552810e+02 -7.500000e-01
      vertex   -9.635011e+01 -1.580008e+02 -7.500000e-01
      vertex   -9.799475e+01 -1.583198e+02 -7.500000e-01
    endloop
  endfacet
  facet normal 0.000000e+00 0.000000e+00 -1.000000e+00
    outer loop
      vertex   -9.746449e+01 -1.552810e+02 -7.500000e-01
      vertex   -9.799475e+01 -1.583198e+02 -7.500000e-01
      vertex   -9.897388e+01 -1.555200e+02 -7.500000e-01
    endloop
  endfacet
  facet normal 0.000000e+00 -0.000000e+00 -1.000000e+00
    outer loop
      vertex   -9.897388e+01 -1.555200e+02 -7.500000e-01
      vertex   -9.799475e+01 -1.583198e+02 -7.500000e-01
      vertex   -9.966236e+01 -1.584799e+02 -7.500000e-01
    endloop
  endfacet
  facet normal 0.000000e+00 0.000000e+00 -1.000000e+00
    outer loop
      vertex   -9.897388e+01 -1.555200e+02 -7.500000e-01
      vertex   -9.966236e+01 -1.584799e+02 -7.500000e-01
      vertex   -1.005000e+02 -1.556000e+02 -7.500000e-01
    endloop
  endfacet
  facet normal 0.000000e+00 -0.000000e+00 -1.000000e+00
    outer loop
      vertex   -1.005000e+02 -1.556000e+02 -7.500000e-01
      vertex   -9.966236e+01 -1.584799e+02 -7.500000e-01
      vertex   -1.013376e+02 -1.584799e+02 -7.500000e-01
    endloop
  endfacet
  facet normal -0.000000e+00 0.000000e+00 -1.000000e+00
    outer loop
      vertex   -1.005000e+02 -1.556000e+02 -7.500000e-01
      vertex   -1.013376e+02 -1.584799e+02 -7.500000e-01
      vertex   -1.020261e+02 -1.555200e+02 -7.500000e-01
    endloop
  endfacet
  facet normal 0.000000e+00 -0.000000e+00 -1.000000e+00
    outer loop
      vertex   -1.020261e+02 -1.555200e+02 -7.500000e-01
      vertex   -1.013376e+02 -1.584799e+02 -7.500000e-01
      vertex   -1.030052e+02 -1.583198e+02 -7.500000e-01
    endloop
  endfacet
  facet normal -0.000000e+00 0.000000e+00 -1.000000e+00
    outer loop
      vertex   -1.020261e+02 -1.555200e+02 -7.500000e-01
      vertex   -1.030052e+02 -1.583198e+02 -7.500000e-01
      vertex   -1.035355e+02 -1.552810e+02 -7.500000e-01
    endloop
  endfacet
  facet normal 0.000000e+00 -0.000000e+00 -1.000000e+00
    outer loop
      vertex   -1.035355e+02 -1.552810e+02 -7.500000e-01
      vertex   -1.030052e+02 -1.583198e+02 -7.500000e-01
      vertex   -1.046499e+02 -1.580008e+02 -7.500000e-01
    endloop
  endfacet
  facet normal 0.000000e+00 0.000000e+00 -1.000000e+00
    outer loop
      vertex   -1.035355e+02 -1.552810e+02 -7.500000e-01
      vertex   -1.046499e+02 -1.580008e+02 -7.500000e-01
      vertex   -1.062565e+02 -1.575261e+02 -7.500000e-01
    endloop
  endfacet
  facet normal -0.000000e+00 0.000000e+00 -1.000000e+00
    outer loop
      vertex   -1.035355e+02 -1.552810e+02 -7.500000e-01
      vertex   -1.062565e+02 -1.575261e+02 -7.500000e-01
      vertex   -1.050116e+02 -1.548854e+02 -7.500000e-01
    endloop
  endfacet
  facet normal 0.000000e+00 0.000000e+00 -1.000000e+00
    outer loop
      vertex   -1.050116e+02 -1.548854e+02 -7.500000e-01
      vertex   -1.062565e+02 -1.575261e+02 -7.500000e-01
      vertex   -1.078104e+02 -1.569000e+02 -7.500000e-01
    endloop
  endfacet
  facet normal -0.000000e+00 0.000000e+00 -1.000000e+00
    outer loop
      vertex   -1.050116e+02 -1.548854e+02 -7.500000e-01
      vertex   -1.078104e+02 -1.569000e+02 -7.500000e-01
      vertex   -1.064384e+02 -1.543378e+02 -7.500000e-01
    endloop
  endfacet
  facet normal 0.000000e+00 0.000000e+00 -1.000000e+00
    outer loop
      vertex   -1.064384e+02 -1.543378e+02 -7.500000e-01
      vertex   -1.078104e+02 -1.569000e+02 -7.500000e-01
      vertex   -1.092972e+02 -1.561281e+02 -7.500000e-01
    endloop
  endfacet
  facet normal -0.000000e+00 0.000000e+00 -1.000000e+00
    outer loop
      vertex   -1.064384e+02 -1.543378e+02 -7.500000e-01
      vertex   -1.092972e+02 -1.561281e+02 -7.500000e-01
      vertex   -1.078000e+02 -1.536440e+02 -7.500000e-01
    endloop
  endfacet
  facet normal 0.000000e+00 0.000000e+00 -1.000000e+00
    outer loop
      vertex   -1.078000e+02 -1.536440e+02 -7.500000e-01
      vertex   -1.092972e+02 -1.561281e+02 -7.500000e-01
      vertex   -1.107035e+02 -1.552176e+02 -7.500000e-01
    endloop
  endfacet
  facet normal -0.000000e+00 0.000000e+00 -1.000000e+00
    outer loop
      vertex   -1.078000e+02 -1.536440e+02 -7.500000e-01
      vertex   -1.107035e+02 -1.552176e+02 -7.500000e-01
      vertex   -1.090817e+02 -1.528116e+02 -7.500000e-01
    endloop
  endfacet
  facet normal 0.000000e+00 0.000000e+00 -1.000000e+00
    outer loop
      vertex   -1.090817e+02 -1.528116e+02 -7.500000e-01
      vertex   -1.107035e+02 -1.552176e+02 -7.500000e-01
      vertex   -1.120162e+02 -1.541767e+02 -7.500000e-01
    endloop
  endfacet
  facet normal -0.000000e+00 0.000000e+00 -1.000000e+00
    outer loop
      vertex   -1.090817e+02 -1.528116e+02 -7.500000e-01
      vertex   -1.120162e+02 -1.541767e+02 -7.500000e-01
      vertex   -1.102693e+02 -1.518499e+02 -7.500000e-01
    endloop
  endfacet
  facet normal 0.000000e+00 0.000000e+00 -1.000000e+00
    outer loop
      vertex   -1.102693e+02 -1.518499e+02 -7.500000e-01
      vertex   -1.120162e+02 -1.541767e+02 -7.500000e-01
      vertex   -1.132234e+02 -1.530152e+02 -7.500000e-01
    endloop
  endfacet
  facet normal -0.000000e+00 0.000000e+00 -1.000000e+00
    outer loop
      vertex   -1.102693e+02 -1.518499e+02 -7.500000e-01
      vertex   -1.132234e+02 -1.530152e+02 -7.500000e-01
      vertex   -1.113499e+02 -1.507693e+02 -7.500000e-01
    endloop
  endfacet
  facet normal 0.000000e+00 0.000000e+00 -1.000000e+00
    outer loop
      vertex   -1.113499e+02 -1.507693e+02 -7.500000e-01
      vertex   -1.132234e+02 -1.530152e+02 -7.500000e-01
      vertex   -1.143140e+02 -1.517435e+02 -7.500000e-01
    endloop
  endfacet
  facet normal -0.000000e+00 0.000000e+00 -1.000000e+00
    outer loop
      vertex   -1.113499e+02 -1.507693e+02 -7.500000e-01
      vertex   -1.143140e+02 -1.517435e+02 -7.500000e-01
      vertex   -1.123116e+02 -1.495817e+02 -7.500000e-01
    endloop
  endfacet
  facet normal 0.000000e+00 0.000000e+00 -1.000000e+00
    outer loop
      vertex   -1.123116e+02 -1.495817e+02 -7.500000e-01
      vertex   -1.143140e+02 -1.517435e+02 -7.500000e-01
      vertex   -1.152780e+02 -1.503734e+02 -7.500000e-01
    endloop
  endfacet
  facet normal -0.000000e+00 0.000000e+00 -1.000000e+00
    outer loop
      vertex   -1.123116e+02 -1.495817e+02 -7.500000e-01
      vertex   -1.152780e+02 -1.503734e+02 -7.500000e-01
      vertex   -1.131440e+02 -1.483000e+02 -7.500000e-01
    endloop
  endfacet
  facet normal 0.000000e+00 0.000000e+00 -1.000000e+00
    outer loop
      vertex   -1.131440e+02 -1.483000e+02 -7.500000e-01
      vertex   -1.152780e+02 -1.503734e+02 -7.500000e-01
      vertex   -1.161066e+02 -1.489173e+02 -7.500000e-01
    endloop
  endfacet
  facet normal -0.000000e+00 0.000000e+00 -1.000000e+00
    outer loop
      vertex   -1.131440e+02 -1.483000e+02 -7.500000e-01
      vertex   -1.161066e+02 -1.489173e+02 -7.500000e-01
      vertex   -1.138378e+02 -1.469384e+02 -7.500000e-01
    endloop
  endfacet
  facet normal 0.000000e+00 0.000000e+00 -1.000000e+00
    outer loop
      vertex   -1.138378e+02 -1.469384e+02 -7.500000e-01
      vertex   -1.161066e+02 -1.489173e+02 -7.500000e-01
      vertex   -1.167921e+02 -1.473887e+02 -7.500000e-01
    endloop
  endfacet
  facet normal -0.000000e+00 0.000000e+00 -1.000000e+00
    outer loop
      vertex   -1.138378e+02 -1.469384e+02 -7.500000e-01
      vertex   -1.167921e+02 -1.473887e+02 -7.500000e-01
      vertex   -1.143854e+02 -1.455116e+02 -7.500000e-01
    endloop
  endfacet
  facet normal 0.000000e+00 0.000000e+00 -1.000000e+00
    outer loop
      vertex   -1.143854e+02 -1.455116e+02 -7.500000e-01
      vertex   -1.167921e+02 -1.473887e+02 -7.500000e-01
      vertex   -1.173284e+02 -1.458016e+02 -7.500000e-01
    endloop
  endfacet
  facet normal -0.000000e+00 0.000000e+00 -1.000000e+00
    outer loop
      vertex   -1.143854e+02 -1.455116e+02 -7.500000e-01
      vertex   -1.173284e+02 -1.458016e+02 -7.500000e-01
      vertex   -1.147810e+02 -1.440355e+02 -7.500000e-01
    endloop
  endfacet
  facet normal 0.000000e+00 0.000000e+00 -1.000000e+00
    outer loop
      vertex   -1.147810e+02 -1.440355e+02 -7.500000e-01
      vertex   -1.173284e+02 -1.458016e+02 -7.500000e-01
      vertex   -1.177104e+02 -1.441705e+02 -7.500000e-01
    endloop
  endfacet
  facet normal -0.000000e+00 0.000000e+00 -1.000000e+00
    outer loop
      vertex   -1.147810e+02 -1.440355e+02 -7.500000e-01
      vertex   -1.177104e+02 -1.441705e+02 -7.500000e-01
      vertex   -1.150200e+02 -1.425261e+02 -7.500000e-01
    endloop
  endfacet
  facet normal -0.000000e+00 0.000000e+00 -1.000000e+00
    outer loop
      vertex   -1.150200e+02 -1.425261e+02 -7.500000e-01
      vertex   -1.177104e+02 -1.441705e+02 -7.500000e-01
      vertex   -1.179347e+02 -1.425103e+02 -7.500000e-01
    endloop
  endfacet
  facet normal 0.000000e+00 0.000000e+00 -1.000000e+00
    outer loop
      vertex   -1.150200e+02 -1.425261e+02 -7.500000e-01
      vertex   -1.179347e+02 -1.425103e+02 -7.500000e-01
      vertex   -1.151000e+02 -1.410000e+02 -7.500000e-01
    endloop
  endfacet
  facet normal -0.000000e+00 0.000000e+00 -1.000000e+00
    outer loop
      vertex   -1.151000e+02 -1.410000e+02 -7.500000e-01
      vertex   -1.179347e+02 -1.425103e+02 -7.500000e-01
      vertex   -1.179992e+02 -1.408362e+02 -7.500000e-01
    endloop
  endfacet
  facet normal 0.000000e+00 0.000000e+00 -1.000000e+00
    outer loop
      vertex   -1.151000e+02 -1.410000e+02 -7.500000e-01
      vertex   -1.179992e+02 -1.408362e+02 -7.500000e-01
      vertex   -1.179034e+02 -1.391637e+02 -7.500000e-01
    endloop
  endfacet
  facet normal 0.000000e+00 0.000000e+00 -1.000000e+00
    outer loop
      vertex   -1.179034e+02 -1.391637e+02 -7.500000e-01
      vertex   -1.176481e+02 -1.375080e+02 -7.500000e-01
      vertex   -1.151000e+02 -1.410000e+02 -7.500000e-01
    endloop
  endfacet
  facet normal 0.000000e+00 0.000000e+00 -1.000000e+00
    outer loop
      vertex   -1.151000e+02 -1.410000e+02 -7.500000e-01
      vertex   -1.176481e+02 -1.375080e+02 -7.500000e-01
      vertex   -1.172356e+02 -1.358843e+02 -7.500000e-01
    endloop
  endfacet
  facet normal 0.000000e+00 0.000000e+00 -1.000000e+00
    outer loop
      vertex   -1.151000e+02 -1.410000e+02 -7.500000e-01
      vertex   -1.172356e+02 -1.358843e+02 -7.500000e-01
      vertex   -1.166697e+02 -1.343074e+02 -7.500000e-01
    endloop
  endfacet
  facet normal 0.000000e+00 0.000000e+00 -1.000000e+00
    outer loop
      vertex   -1.166697e+02 -1.343074e+02 -7.500000e-01
      vertex   -1.159557e+02 -1.327920e+02 -7.500000e-01
      vertex   -1.151000e+02 -1.410000e+02 -7.500000e-01
    endloop
  endfacet
  facet normal 0.000000e+00 0.000000e+00 -1.000000e+00
    outer loop
      vertex   -1.151000e+02 -1.410000e+02 -7.500000e-01
      vertex   -1.159557e+02 -1.327920e+02 -7.500000e-01
      vertex   -1.151000e+02 -1.313517e+02 -7.500000e-01
    endloop
  endfacet
  facet normal 0.000000e+00 0.000000e+00 1.000000e+00
    outer loop
      vertex   -8.594104e+01 1.182899e+02 -7.500000e-01
      vertex   -8.691244e+01 1.169715e+02 -7.500000e-01
      vertex   -8.600777e+01 1.025000e+02 -7.500000e-01
    endloop
  endfacet
  facet normal 0.000000e+00 0.000000e+00 1.000000e+00
    outer loop
      vertex   -8.600777e+01 1.025000e+02 -7.500000e-01
      vertex   -8.691244e+01 1.169715e+02 -7.500000e-01
      vertex   -8.800283e+01 1.157497e+02 -7.500000e-01
    endloop
  endfacet
  facet normal 0.000000e+00 0.000000e+00 1.000000e+00
    outer loop
      vertex   -8.600777e+01 1.025000e+02 -7.500000e-01
      vertex   -8.800283e+01 1.157497e+02 -7.500000e-01
      vertex   -8.920265e+01 1.146351e+02 -7.500000e-01
    endloop
  endfacet
  facet normal 0.000000e+00 0.000000e+00 1.000000e+00
    outer loop
      vertex   -8.920265e+01 1.146351e+02 -7.500000e-01
      vertex   -9.050140e+01 1.136376e+02 -7.500000e-01
      vertex   -8.600777e+01 1.025000e+02 -7.500000e-01
    endloop
  endfacet
  facet normal 0.000000e+00 0.000000e+00 1.000000e+00
    outer loop
      vertex   -8.600777e+01 1.025000e+02 -7.500000e-01
      vertex   -9.050140e+01 1.136376e+02 -7.500000e-01
      vertex   -9.188771e+01 1.127659e+02 -7.500000e-01
    endloop
  endfacet
  facet normal 0.000000e+00 0.000000e+00 1.000000e+00
    outer loop
      vertex   -8.600777e+01 1.025000e+02 -7.500000e-01
      vertex   -9.188771e+01 1.127659e+02 -7.500000e-01
      vertex   -9.334943e+01 1.120275e+02 -7.500000e-01
    endloop
  endfacet
  facet normal 0.000000e+00 0.000000e+00 1.000000e+00
    outer loop
      vertex   -9.334943e+01 1.120275e+02 -7.500000e-01
      vertex   -9.487377e+01 1.114291e+02 -7.500000e-01
      vertex   -8.600777e+01 1.025000e+02 -7.500000e-01
    endloop
  endfacet
  facet normal 0.000000e+00 0.000000e+00 1.000000e+00
    outer loop
      vertex   -8.600777e+01 1.025000e+02 -7.500000e-01
      vertex   -9.487377e+01 1.114291e+02 -7.500000e-01
      vertex   -9.644738e+01 1.109757e+02 -7.500000e-01
    endloop
  endfacet
  facet normal 0.000000e+00 0.000000e+00 1.000000e+00
    outer loop
      vertex   -8.600777e+01 1.025000e+02 -7.500000e-01
      vertex   -9.644738e+01 1.109757e+02 -7.500000e-01
      vertex   -9.805648e+01 1.106714e+02 -7.500000e-01
    endloop
  endfacet
  facet normal 0.000000e+00 0.000000e+00 1.000000e+00
    outer loop
      vertex   -9.805648e+01 1.106714e+02 -7.500000e-01
      vertex   -9.968697e+01 1.105189e+02 -7.500000e-01
      vertex   -8.600777e+01 1.025000e+02 -7.500000e-01
    endloop
  endfacet
  facet normal 0.000000e+00 0.000000e+00 1.000000e+00
    outer loop
      vertex   -8.600777e+01 1.025000e+02 -7.500000e-01
      vertex   -9.968697e+01 1.105189e+02 -7.500000e-01
      vertex   -1.150090e+02 1.025000e+02 -7.500000e-01
    endloop
  endfacet
  facet normal 0.000000e+00 0.000000e+00 1.000000e+00
    outer loop
      vertex   -1.150090e+02 1.025000e+02 -7.500000e-01
      vertex   -9.968697e+01 1.105189e+02 -7.500000e-01
      vertex   -1.013246e+02 1.105194e+02 -7.500000e-01
    endloop
  endfacet
  facet normal 0.000000e+00 0.000000e+00 1.000000e+00
    outer loop
      vertex   -1.150090e+02 1.025000e+02 -7.500000e-01
      vertex   -1.013246e+02 1.105194e+02 -7.500000e-01
      vertex   -1.029550e+02 1.106731e+02 -7.500000e-01
    endloop
  endfacet
  facet normal 0.000000e+00 0.000000e+00 1.000000e+00
    outer loop
      vertex   -1.029550e+02 1.106731e+02 -7.500000e-01
      vertex   -1.045639e+02 1.109784e+02 -7.500000e-01
      vertex   -1.150090e+02 1.025000e+02 -7.500000e-01
    endloop
  endfacet
  facet normal 0.000000e+00 0.000000e+00 1.000000e+00
    outer loop
      vertex   -1.150090e+02 1.025000e+02 -7.500000e-01
      vertex   -1.045639e+02 1.109784e+02 -7.500000e-01
      vertex   -1.061372e+02 1.114328e+02 -7.500000e-01
    endloop
  endfacet
  facet normal 0.000000e+00 0.000000e+00 1.000000e+00
    outer loop
      vertex   -1.150090e+02 1.025000e+02 -7.500000e-01
      vertex   -1.061372e+02 1.114328e+02 -7.500000e-01
      vertex   -1.076611e+02 1.120323e+02 -7.500000e-01
    endloop
  endfacet
  facet normal 0.000000e+00 0.000000e+00 1.000000e+00
    outer loop
      vertex   -1.076611e+02 1.120323e+02 -7.500000e-01
      vertex   -1.091224e+02 1.127716e+02 -7.500000e-01
      vertex   -1.150090e+02 1.025000e+02 -7.500000e-01
    endloop
  endfacet
  facet normal 0.000000e+00 0.000000e+00 1.000000e+00
    outer loop
      vertex   -1.150090e+02 1.025000e+02 -7.500000e-01
      vertex   -1.091224e+02 1.127716e+02 -7.500000e-01
      vertex   -1.105081e+02 1.136442e+02 -7.500000e-01
    endloop
  endfacet
  facet normal 0.000000e+00 0.000000e+00 1.000000e+00
    outer loop
      vertex   -1.150090e+02 1.025000e+02 -7.500000e-01
      vertex   -1.105081e+02 1.136442e+02 -7.500000e-01
      vertex   -1.118062e+02 1.146426e+02 -7.500000e-01
    endloop
  endfacet
  facet normal 0.000000e+00 0.000000e+00 1.000000e+00
    outer loop
      vertex   -1.118062e+02 1.146426e+02 -7.500000e-01
      vertex   -1.130053e+02 1.157579e+02 -7.500000e-01
      vertex   -1.150090e+02 1.025000e+02 -7.500000e-01
    endloop
  endfacet
  facet normal 0.000000e+00 0.000000e+00 1.000000e+00
    outer loop
      vertex   -1.150090e+02 1.025000e+02 -7.500000e-01
      vertex   -1.130053e+02 1.157579e+02 -7.500000e-01
      vertex   -1.140948e+02 1.169805e+02 -7.500000e-01
    endloop
  endfacet
  facet normal 0.000000e+00 -0.000000e+00 1.000000e+00
    outer loop
      vertex   -1.150090e+02 1.025000e+02 -7.500000e-01
      vertex   -1.140948e+02 1.169805e+02 -7.500000e-01
      vertex   -1.150654e+02 1.182995e+02 -7.500000e-01
    endloop
  endfacet
  facet normal 0.000000e+00 0.000000e+00 1.000000e+00
    outer loop
      vertex   -1.151000e+02 -1.313517e+02 -7.500000e-01
      vertex   -1.141301e+02 -1.300241e+02 -7.500000e-01
      vertex   -1.151000e+02 -1.155000e+02 -7.500000e-01
    endloop
  endfacet
  facet normal 0.000000e+00 0.000000e+00 1.000000e+00
    outer loop
      vertex   -1.151000e+02 -1.155000e+02 -7.500000e-01
      vertex   -1.141301e+02 -1.300241e+02 -7.500000e-01
      vertex   -1.130399e+02 -1.287934e+02 -7.500000e-01
    endloop
  endfacet
  facet normal 0.000000e+00 0.000000e+00 1.000000e+00
    outer loop
      vertex   -1.151000e+02 -1.155000e+02 -7.500000e-01
      vertex   -1.130399e+02 -1.287934e+02 -7.500000e-01
      vertex   -1.118390e+02 -1.276705e+02 -7.500000e-01
    endloop
  endfacet
  facet normal 0.000000e+00 -0.000000e+00 1.000000e+00
    outer loop
      vertex   -1.118390e+02 -1.276705e+02 -7.500000e-01
      vertex   -1.105381e+02 -1.266652e+02 -7.500000e-01
      vertex   -1.151000e+02 -1.155000e+02 -7.500000e-01
    endloop
  endfacet
  facet normal 0.000000e+00 0.000000e+00 1.000000e+00
    outer loop
      vertex   -1.151000e+02 -1.155000e+02 -7.500000e-01
      vertex   -1.105381e+02 -1.266652e+02 -7.500000e-01
      vertex   -1.091485e+02 -1.257864e+02 -7.500000e-01
    endloop
  endfacet
  facet normal 0.000000e+00 0.000000e+00 1.000000e+00
    outer loop
      vertex   -1.151000e+02 -1.155000e+02 -7.500000e-01
      vertex   -1.091485e+02 -1.257864e+02 -7.500000e-01
      vertex   -1.076826e+02 -1.250419e+02 -7.500000e-01
    endloop
  endfacet
  facet normal 0.000000e+00 -0.000000e+00 1.000000e+00
    outer loop
      vertex   -1.076826e+02 -1.250419e+02 -7.500000e-01
      vertex   -1.061533e+02 -1.244383e+02 -7.500000e-01
      vertex   -1.151000e+02 -1.155000e+02 -7.500000e-01
    endloop
  endfacet
  facet normal 0.000000e+00 0.000000e+00 1.000000e+00
    outer loop
      vertex   -1.151000e+02 -1.155000e+02 -7.500000e-01
      vertex   -1.061533e+02 -1.244383e+02 -7.500000e-01
      vertex   -1.045741e+02 -1.239808e+02 -7.500000e-01
    endloop
  endfacet
  facet normal 0.000000e+00 0.000000e+00 1.000000e+00
    outer loop
      vertex   -1.151000e+02 -1.155000e+02 -7.500000e-01
      vertex   -1.045741e+02 -1.239808e+02 -7.500000e-01
      vertex   -1.029589e+02 -1.236736e+02 -7.500000e-01
    endloop
  endfacet
  facet normal 0.000000e+00 -0.000000e+00 1.000000e+00
    outer loop
      vertex   -1.029589e+02 -1.236736e+02 -7.500000e-01
      vertex   -1.013221e+02 -1.235193e+02 -7.500000e-01
      vertex   -1.151000e+02 -1.155000e+02 -7.500000e-01
    endloop
  endfacet
  facet normal 0.000000e+00 0.000000e+00 1.000000e+00
    outer loop
      vertex   -1.151000e+02 -1.155000e+02 -7.500000e-01
      vertex   -1.013221e+02 -1.235193e+02 -7.500000e-01
      vertex   -9.967794e+01 -1.235193e+02 -7.500000e-01
    endloop
  endfacet
  facet normal -0.000000e+00 0.000000e+00 1.000000e+00
    outer loop
      vertex   -1.151000e+02 -1.155000e+02 -7.500000e-01
      vertex   -9.967794e+01 -1.235193e+02 -7.500000e-01
      vertex   -8.590000e+01 -1.155000e+02 -7.500000e-01
    endloop
  endfacet
  facet normal 0.000000e+00 0.000000e+00 1.000000e+00
    outer loop
      vertex   -8.590000e+01 -1.155000e+02 -7.500000e-01
      vertex   -9.967794e+01 -1.235193e+02 -7.500000e-01
      vertex   -9.804107e+01 -1.236736e+02 -7.500000e-01
    endloop
  endfacet
  facet normal 0.000000e+00 0.000000e+00 1.000000e+00
    outer loop
      vertex   -8.590000e+01 -1.155000e+02 -7.500000e-01
      vertex   -9.804107e+01 -1.236736e+02 -7.500000e-01
      vertex   -9.642591e+01 -1.239808e+02 -7.500000e-01
    endloop
  endfacet
  facet normal -0.000000e+00 0.000000e+00 1.000000e+00
    outer loop
      vertex   -9.642591e+01 -1.239808e+02 -7.500000e-01
      vertex   -9.484671e+01 -1.244383e+02 -7.500000e-01
      vertex   -8.590000e+01 -1.155000e+02 -7.500000e-01
    endloop
  endfacet
  facet normal 0.000000e+00 0.000000e+00 1.000000e+00
    outer loop
      vertex   -8.590000e+01 -1.155000e+02 -7.500000e-01
      vertex   -9.484671e+01 -1.244383e+02 -7.500000e-01
      vertex   -9.331741e+01 -1.250419e+02 -7.500000e-01
    endloop
  endfacet
  facet normal 0.000000e+00 0.000000e+00 1.000000e+00
    outer loop
      vertex   -8.590000e+01 -1.155000e+02 -7.500000e-01
      vertex   -9.331741e+01 -1.250419e+02 -7.500000e-01
      vertex   -9.185150e+01 -1.257864e+02 -7.500000e-01
    endloop
  endfacet
  facet normal -0.000000e+00 0.000000e+00 1.000000e+00
    outer loop
      vertex   -9.185150e+01 -1.257864e+02 -7.500000e-01
      vertex   -9.046194e+01 -1.266652e+02 -7.500000e-01
      vertex   -8.590000e+01 -1.155000e+02 -7.500000e-01
    endloop
  endfacet
  facet normal 0.000000e+00 0.000000e+00 1.000000e+00
    outer loop
      vertex   -8.590000e+01 -1.155000e+02 -7.500000e-01
      vertex   -9.046194e+01 -1.266652e+02 -7.500000e-01
      vertex   -8.916097e+01 -1.276705e+02 -7.500000e-01
    endloop
  endfacet
  facet normal 0.000000e+00 0.000000e+00 1.000000e+00
    outer loop
      vertex   -8.590000e+01 -1.155000e+02 -7.500000e-01
      vertex   -8.916097e+01 -1.276705e+02 -7.500000e-01
      vertex   -8.796009e+01 -1.287934e+02 -7.500000e-01
    endloop
  endfacet
  facet normal -0.000000e+00 0.000000e+00 1.000000e+00
    outer loop
      vertex   -8.796009e+01 -1.287934e+02 -7.500000e-01
      vertex   -8.686989e+01 -1.300241e+02 -7.500000e-01
      vertex   -8.590000e+01 -1.155000e+02 -7.500000e-01
    endloop
  endfacet
  facet normal 0.000000e+00 0.000000e+00 1.000000e+00
    outer loop
      vertex   -8.590000e+01 -1.155000e+02 -7.500000e-01
      vertex   -8.686989e+01 -1.300241e+02 -7.500000e-01
      vertex   -8.590000e+01 -1.313517e+02 -7.500000e-01
    endloop
  endfacet
  facet normal 9.999911e-01 -4.226080e-03 8.579459e-18
    outer loop
      vertex   -8.590000e+01 1.280000e+02 -7.500000e-01
      vertex   -8.594104e+01 1.182899e+02 -7.500000e-01
      vertex   -8.590000e+01 1.280000e+02 -7.750000e+00
    endloop
  endfacet
  facet normal 9.999911e-01 -4.226080e-03 1.110835e-15
    outer loop
      vertex   -8.590000e+01 1.280000e+02 -7.750000e+00
      vertex   -8.594104e+01 1.182899e+02 -7.500000e-01
      vertex   -8.600777e+01 1.025000e+02 -7.750000e+00
    endloop
  endfacet
  facet normal 9.999911e-01 -4.226080e-03 -8.579459e-18
    outer loop
      vertex   -8.600777e+01 1.025000e+02 -7.750000e+00
      vertex   -8.594104e+01 1.182899e+02 -7.500000e-01
      vertex   -8.600777e+01 1.025000e+02 -7.500000e-01
    endloop
  endfacet
  facet normal -9.986295e-01 5.233596e-02 -1.062484e-16
    outer loop
      vertex   -1.151000e+02 1.280000e+02 -7.750000e+00
      vertex   -1.151000e+02 1.280000e+02 -7.500000e-01
      vertex   -1.150200e+02 1.295261e+02 -7.750000e+00
    endloop
  endfacet
  facet normal -9.986295e-01 5.233596e-02 0.000000e+00
    outer loop
      vertex   -1.150200e+02 1.295261e+02 -7.750000e+00
      vertex   -1.151000e+02 1.280000e+02 -7.500000e-01
      vertex   -1.150200e+02 1.295261e+02 -7.500000e-01
    endloop
  endfacet
  facet normal -9.876883e-01 1.564345e-01 0.000000e+00
    outer loop
      vertex   -1.150200e+02 1.295261e+02 -7.750000e+00
      vertex   -1.150200e+02 1.295261e+02 -7.500000e-01
      vertex   -1.147810e+02 1.310355e+02 -7.750000e+00
    endloop
  endfacet
  facet normal -9.876883e-01 1.564345e-01 0.000000e+00
    outer loop
      vertex   -1.147810e+02 1.310355e+02 -7.750000e+00
      vertex   -1.150200e+02 1.295261e+02 -7.500000e-01
      vertex   -1.147810e+02 1.310355e+02 -7.500000e-01
    endloop
  endfacet
  facet normal -9.659258e-01 2.588190e-01 0.000000e+00
    outer loop
      vertex   -1.147810e+02 1.310355e+02 -7.750000e+00
      vertex   -1.147810e+02 1.310355e+02 -7.500000e-01
      vertex   -1.143854e+02 1.325116e+02 -7.750000e+00
    endloop
  endfacet
  facet normal -9.659258e-01 2.588190e-01 0.000000e+00
    outer loop
      vertex   -1.143854e+02 1.325116e+02 -7.750000e+00
      vertex   -1.147810e+02 1.310355e+02 -7.500000e-01
      vertex   -1.143854e+02 1.325116e+02 -7.500000e-01
    endloop
  endfacet
  facet normal -9.335804e-01 3.583679e-01 0.000000e+00
    outer loop
      vertex   -1.143854e+02 1.325116e+02 -7.750000e+00
      vertex   -1.143854e+02 1.325116e+02 -7.500000e-01
      vertex   -1.138378e+02 1.339384e+02 -7.750000e+00
    endloop
  endfacet
  facet normal -9.335804e-01 3.583679e-01 0.000000e+00
    outer loop
      vertex   -1.138378e+02 1.339384e+02 -7.750000e+00
      vertex   -1.143854e+02 1.325116e+02 -7.500000e-01
      vertex   -1.138378e+02 1.339384e+02 -7.500000e-01
    endloop
  endfacet
  facet normal -8.910065e-01 4.539905e-01 0.000000e+00
    outer loop
      vertex   -1.138378e+02 1.339384e+02 -7.750000e+00
      vertex   -1.138378e+02 1.339384e+02 -7.500000e-01
      vertex   -1.131440e+02 1.353000e+02 -7.750000e+00
    endloop
  endfacet
  facet normal -8.910065e-01 4.539905e-01 0.000000e+00
    outer loop
      vertex   -1.131440e+02 1.353000e+02 -7.750000e+00
      vertex   -1.138378e+02 1.339384e+02 -7.500000e-01
      vertex   -1.131440e+02 1.353000e+02 -7.500000e-01
    endloop
  endfacet
  facet normal -8.386706e-01 5.446390e-01 0.000000e+00
    outer loop
      vertex   -1.131440e+02 1.353000e+02 -7.750000e+00
      vertex   -1.131440e+02 1.353000e+02 -7.500000e-01
      vertex   -1.123116e+02 1.365817e+02 -7.750000e+00
    endloop
  endfacet
  facet normal -8.386706e-01 5.446390e-01 0.000000e+00
    outer loop
      vertex   -1.123116e+02 1.365817e+02 -7.750000e+00
      vertex   -1.131440e+02 1.353000e+02 -7.500000e-01
      vertex   -1.123116e+02 1.365817e+02 -7.500000e-01
    endloop
  endfacet
  facet normal -7.771460e-01 6.293204e-01 0.000000e+00
    outer loop
      vertex   -1.123116e+02 1.365817e+02 -7.750000e+00
      vertex   -1.123116e+02 1.365817e+02 -7.500000e-01
      vertex   -1.113499e+02 1.377693e+02 -7.750000e+00
    endloop
  endfacet
  facet normal -7.771460e-01 6.293204e-01 0.000000e+00
    outer loop
      vertex   -1.113499e+02 1.377693e+02 -7.750000e+00
      vertex   -1.123116e+02 1.365817e+02 -7.500000e-01
      vertex   -1.113499e+02 1.377693e+02 -7.500000e-01
    endloop
  endfacet
  facet normal -7.071068e-01 7.071068e-01 0.000000e+00
    outer loop
      vertex   -1.113499e+02 1.377693e+02 -7.750000e+00
      vertex   -1.113499e+02 1.377693e+02 -7.500000e-01
      vertex   -1.102693e+02 1.388499e+02 -7.750000e+00
    endloop
  endfacet
  facet normal -7.071068e-01 7.071068e-01 0.000000e+00
    outer loop
      vertex   -1.102693e+02 1.388499e+02 -7.750000e+00
      vertex   -1.113499e+02 1.377693e+02 -7.500000e-01
      vertex   -1.102693e+02 1.388499e+02 -7.500000e-01
    endloop
  endfacet
  facet normal -6.293204e-01 7.771460e-01 0.000000e+00
    outer loop
      vertex   -1.102693e+02 1.388499e+02 -7.750000e+00
      vertex   -1.102693e+02 1.388499e+02 -7.500000e-01
      vertex   -1.090817e+02 1.398116e+02 -7.750000e+00
    endloop
  endfacet
  facet normal -6.293204e-01 7.771460e-01 0.000000e+00
    outer loop
      vertex   -1.090817e+02 1.398116e+02 -7.750000e+00
      vertex   -1.102693e+02 1.388499e+02 -7.500000e-01
      vertex   -1.090817e+02 1.398116e+02 -7.500000e-01
    endloop
  endfacet
  facet normal -5.446390e-01 8.386706e-01 0.000000e+00
    outer loop
      vertex   -1.090817e+02 1.398116e+02 -7.750000e+00
      vertex   -1.090817e+02 1.398116e+02 -7.500000e-01
      vertex   -1.078000e+02 1.406440e+02 -7.750000e+00
    endloop
  endfacet
  facet normal -5.446390e-01 8.386706e-01 0.000000e+00
    outer loop
      vertex   -1.078000e+02 1.406440e+02 -7.750000e+00
      vertex   -1.090817e+02 1.398116e+02 -7.500000e-01
      vertex   -1.078000e+02 1.406440e+02 -7.500000e-01
    endloop
  endfacet
  facet normal -4.539905e-01 8.910065e-01 0.000000e+00
    outer loop
      vertex   -1.078000e+02 1.406440e+02 -7.750000e+00
      vertex   -1.078000e+02 1.406440e+02 -7.500000e-01
      vertex   -1.064384e+02 1.413378e+02 -7.750000e+00
    endloop
  endfacet
  facet normal -4.539905e-01 8.910065e-01 0.000000e+00
    outer loop
      vertex   -1.064384e+02 1.413378e+02 -7.750000e+00
      vertex   -1.078000e+02 1.406440e+02 -7.500000e-01
      vertex   -1.064384e+02 1.413378e+02 -7.500000e-01
    endloop
  endfacet
  facet normal -3.583679e-01 9.335804e-01 0.000000e+00
    outer loop
      vertex   -1.064384e+02 1.413378e+02 -7.750000e+00
      vertex   -1.064384e+02 1.413378e+02 -7.500000e-01
      vertex   -1.050116e+02 1.418854e+02 -7.750000e+00
    endloop
  endfacet
  facet normal -3.583679e-01 9.335804e-01 0.000000e+00
    outer loop
      vertex   -1.050116e+02 1.418854e+02 -7.750000e+00
      vertex   -1.064384e+02 1.413378e+02 -7.500000e-01
      vertex   -1.050116e+02 1.418854e+02 -7.500000e-01
    endloop
  endfacet
  facet normal -2.588190e-01 9.659258e-01 0.000000e+00
    outer loop
      vertex   -1.050116e+02 1.418854e+02 -7.750000e+00
      vertex   -1.050116e+02 1.418854e+02 -7.500000e-01
      vertex   -1.035355e+02 1.422810e+02 -7.750000e+00
    endloop
  endfacet
  facet normal -2.588190e-01 9.659258e-01 0.000000e+00
    outer loop
      vertex   -1.035355e+02 1.422810e+02 -7.750000e+00
      vertex   -1.050116e+02 1.418854e+02 -7.500000e-01
      vertex   -1.035355e+02 1.422810e+02 -7.500000e-01
    endloop
  endfacet
  facet normal -1.564345e-01 9.876883e-01 0.000000e+00
    outer loop
      vertex   -1.035355e+02 1.422810e+02 -7.750000e+00
      vertex   -1.035355e+02 1.422810e+02 -7.500000e-01
      vertex   -1.020261e+02 1.425200e+02 -7.750000e+00
    endloop
  endfacet
  facet normal -1.564345e-01 9.876883e-01 0.000000e+00
    outer loop
      vertex   -1.020261e+02 1.425200e+02 -7.750000e+00
      vertex   -1.035355e+02 1.422810e+02 -7.500000e-01
      vertex   -1.020261e+02 1.425200e+02 -7.500000e-01
    endloop
  endfacet
  facet normal -5.233596e-02 9.986295e-01 0.000000e+00
    outer loop
      vertex   -1.020261e+02 1.425200e+02 -7.750000e+00
      vertex   -1.020261e+02 1.425200e+02 -7.500000e-01
      vertex   -1.005000e+02 1.426000e+02 -7.750000e+00
    endloop
  endfacet
  facet normal -5.233596e-02 9.986295e-01 0.000000e+00
    outer loop
      vertex   -1.005000e+02 1.426000e+02 -7.750000e+00
      vertex   -1.020261e+02 1.425200e+02 -7.500000e-01
      vertex   -1.005000e+02 1.426000e+02 -7.500000e-01
    endloop
  endfacet
  facet normal 5.233596e-02 9.986295e-01 -0.000000e+00
    outer loop
      vertex   -1.005000e+02 1.426000e+02 -7.750000e+00
      vertex   -1.005000e+02 1.426000e+02 -7.500000e-01
      vertex   -9.897388e+01 1.425200e+02 -7.750000e+00
    endloop
  endfacet
  facet normal 5.233596e-02 9.986295e-01 -0.000000e+00
    outer loop
      vertex   -9.897388e+01 1.425200e+02 -7.750000e+00
      vertex   -1.005000e+02 1.426000e+02 -7.500000e-01
      vertex   -9.897388e+01 1.425200e+02 -7.500000e-01
    endloop
  endfacet
  facet normal 1.564345e-01 9.876883e-01 -0.000000e+00
    outer loop
      vertex   -9.897388e+01 1.425200e+02 -7.750000e+00
      vertex   -9.897388e+01 1.425200e+02 -7.500000e-01
      vertex   -9.746449e+01 1.422810e+02 -7.750000e+00
    endloop
  endfacet
  facet normal 1.564345e-01 9.876883e-01 -0.000000e+00
    outer loop
      vertex   -9.746449e+01 1.422810e+02 -7.750000e+00
      vertex   -9.897388e+01 1.425200e+02 -7.500000e-01
      vertex   -9.746449e+01 1.422810e+02 -7.500000e-01
    endloop
  endfacet
  facet normal 2.588190e-01 9.659258e-01 -0.000000e+00
    outer loop
      vertex   -9.746449e+01 1.422810e+02 -7.750000e+00
      vertex   -9.746449e+01 1.422810e+02 -7.500000e-01
      vertex   -9.598835e+01 1.418854e+02 -7.750000e+00
    endloop
  endfacet
  facet normal 2.588190e-01 9.659258e-01 -0.000000e+00
    outer loop
      vertex   -9.598835e+01 1.418854e+02 -7.750000e+00
      vertex   -9.746449e+01 1.422810e+02 -7.500000e-01
      vertex   -9.598835e+01 1.418854e+02 -7.500000e-01
    endloop
  endfacet
  facet normal 3.583679e-01 9.335804e-01 -0.000000e+00
    outer loop
      vertex   -9.598835e+01 1.418854e+02 -7.750000e+00
      vertex   -9.598835e+01 1.418854e+02 -7.500000e-01
      vertex   -9.456165e+01 1.413378e+02 -7.750000e+00
    endloop
  endfacet
  facet normal 3.583679e-01 9.335804e-01 -0.000000e+00
    outer loop
      vertex   -9.456165e+01 1.413378e+02 -7.750000e+00
      vertex   -9.598835e+01 1.418854e+02 -7.500000e-01
      vertex   -9.456165e+01 1.413378e+02 -7.500000e-01
    endloop
  endfacet
  facet normal 4.539905e-01 8.910065e-01 -0.000000e+00
    outer loop
      vertex   -9.456165e+01 1.413378e+02 -7.750000e+00
      vertex   -9.456165e+01 1.413378e+02 -7.500000e-01
      vertex   -9.320000e+01 1.406440e+02 -7.750000e+00
    endloop
  endfacet
  facet normal 4.539905e-01 8.910065e-01 -0.000000e+00
    outer loop
      vertex   -9.320000e+01 1.406440e+02 -7.750000e+00
      vertex   -9.456165e+01 1.413378e+02 -7.500000e-01
      vertex   -9.320000e+01 1.406440e+02 -7.500000e-01
    endloop
  endfacet
  facet normal 5.446390e-01 8.386706e-01 -0.000000e+00
    outer loop
      vertex   -9.320000e+01 1.406440e+02 -7.750000e+00
      vertex   -9.320000e+01 1.406440e+02 -7.500000e-01
      vertex   -9.191834e+01 1.398116e+02 -7.750000e+00
    endloop
  endfacet
  facet normal 5.446390e-01 8.386706e-01 -0.000000e+00
    outer loop
      vertex   -9.191834e+01 1.398116e+02 -7.750000e+00
      vertex   -9.320000e+01 1.406440e+02 -7.500000e-01
      vertex   -9.191834e+01 1.398116e+02 -7.500000e-01
    endloop
  endfacet
  facet normal 6.293204e-01 7.771460e-01 -0.000000e+00
    outer loop
      vertex   -9.191834e+01 1.398116e+02 -7.750000e+00
      vertex   -9.191834e+01 1.398116e+02 -7.500000e-01
      vertex   -9.073069e+01 1.388499e+02 -7.750000e+00
    endloop
  endfacet
  facet normal 6.293204e-01 7.771460e-01 -0.000000e+00
    outer loop
      vertex   -9.073069e+01 1.388499e+02 -7.750000e+00
      vertex   -9.191834e+01 1.398116e+02 -7.500000e-01
      vertex   -9.073069e+01 1.388499e+02 -7.500000e-01
    endloop
  endfacet
  facet normal 7.071068e-01 7.071068e-01 -0.000000e+00
    outer loop
      vertex   -9.073069e+01 1.388499e+02 -7.750000e+00
      vertex   -9.073069e+01 1.388499e+02 -7.500000e-01
      vertex   -8.965009e+01 1.377693e+02 -7.750000e+00
    endloop
  endfacet
  facet normal 7.071068e-01 7.071068e-01 -0.000000e+00
    outer loop
      vertex   -8.965009e+01 1.377693e+02 -7.750000e+00
      vertex   -9.073069e+01 1.388499e+02 -7.500000e-01
      vertex   -8.965009e+01 1.377693e+02 -7.500000e-01
    endloop
  endfacet
  facet normal 7.771460e-01 6.293204e-01 -0.000000e+00
    outer loop
      vertex   -8.965009e+01 1.377693e+02 -7.750000e+00
      vertex   -8.965009e+01 1.377693e+02 -7.500000e-01
      vertex   -8.868835e+01 1.365817e+02 -7.750000e+00
    endloop
  endfacet
  facet normal 7.771460e-01 6.293204e-01 -0.000000e+00
    outer loop
      vertex   -8.868835e+01 1.365817e+02 -7.750000e+00
      vertex   -8.965009e+01 1.377693e+02 -7.500000e-01
      vertex   -8.868835e+01 1.365817e+02 -7.500000e-01
    endloop
  endfacet
  facet normal 8.386706e-01 5.446390e-01 -0.000000e+00
    outer loop
      vertex   -8.868835e+01 1.365817e+02 -7.750000e+00
      vertex   -8.868835e+01 1.365817e+02 -7.500000e-01
      vertex   -8.785603e+01 1.353000e+02 -7.750000e+00
    endloop
  endfacet
  facet normal 8.386706e-01 5.446390e-01 -0.000000e+00
    outer loop
      vertex   -8.785603e+01 1.353000e+02 -7.750000e+00
      vertex   -8.868835e+01 1.365817e+02 -7.500000e-01
      vertex   -8.785603e+01 1.353000e+02 -7.500000e-01
    endloop
  endfacet
  facet normal 8.910065e-01 4.539905e-01 -0.000000e+00
    outer loop
      vertex   -8.785603e+01 1.353000e+02 -7.750000e+00
      vertex   -8.785603e+01 1.353000e+02 -7.500000e-01
      vertex   -8.716224e+01 1.339384e+02 -7.750000e+00
    endloop
  endfacet
  facet normal 8.910065e-01 4.539905e-01 -0.000000e+00
    outer loop
      vertex   -8.716224e+01 1.339384e+02 -7.750000e+00
      vertex   -8.785603e+01 1.353000e+02 -7.500000e-01
      vertex   -8.716224e+01 1.339384e+02 -7.500000e-01
    endloop
  endfacet
  facet normal 9.335804e-01 3.583679e-01 -0.000000e+00
    outer loop
      vertex   -8.716224e+01 1.339384e+02 -7.750000e+00
      vertex   -8.716224e+01 1.339384e+02 -7.500000e-01
      vertex   -8.661457e+01 1.325116e+02 -7.750000e+00
    endloop
  endfacet
  facet normal 9.335804e-01 3.583679e-01 -0.000000e+00
    outer loop
      vertex   -8.661457e+01 1.325116e+02 -7.750000e+00
      vertex   -8.716224e+01 1.339384e+02 -7.500000e-01
      vertex   -8.661457e+01 1.325116e+02 -7.500000e-01
    endloop
  endfacet
  facet normal 9.659258e-01 2.588190e-01 -0.000000e+00
    outer loop
      vertex   -8.661457e+01 1.325116e+02 -7.750000e+00
      vertex   -8.661457e+01 1.325116e+02 -7.500000e-01
      vertex   -8.621905e+01 1.310355e+02 -7.750000e+00
    endloop
  endfacet
  facet normal 9.659258e-01 2.588190e-01 -0.000000e+00
    outer loop
      vertex   -8.621905e+01 1.310355e+02 -7.750000e+00
      vertex   -8.661457e+01 1.325116e+02 -7.500000e-01
      vertex   -8.621905e+01 1.310355e+02 -7.500000e-01
    endloop
  endfacet
  facet normal 9.876883e-01 1.564345e-01 -0.000000e+00
    outer loop
      vertex   -8.621905e+01 1.310355e+02 -7.750000e+00
      vertex   -8.621905e+01 1.310355e+02 -7.500000e-01
      vertex   -8.597998e+01 1.295261e+02 -7.750000e+00
    endloop
  endfacet
  facet normal 9.876883e-01 1.564345e-01 -0.000000e+00
    outer loop
      vertex   -8.597998e+01 1.295261e+02 -7.750000e+00
      vertex   -8.621905e+01 1.310355e+02 -7.500000e-01
      vertex   -8.597998e+01 1.295261e+02 -7.500000e-01
    endloop
  endfacet
  facet normal 9.986295e-01 5.233596e-02 -0.000000e+00
    outer loop
      vertex   -8.597998e+01 1.295261e+02 -7.750000e+00
      vertex   -8.597998e+01 1.295261e+02 -7.500000e-01
      vertex   -8.590000e+01 1.280000e+02 -7.750000e+00
    endloop
  endfacet
  facet normal 9.986295e-01 5.233596e-02 -1.062484e-16
    outer loop
      vertex   -8.590000e+01 1.280000e+02 -7.750000e+00
      vertex   -8.597998e+01 1.295261e+02 -7.500000e-01
      vertex   -8.590000e+01 1.280000e+02 -7.500000e-01
    endloop
  endfacet
  facet normal -9.999936e-01 -3.568738e-03 7.244975e-18
    outer loop
      vertex   -1.151000e+02 1.280000e+02 -7.500000e-01
      vertex   -1.151000e+02 1.280000e+02 -7.750000e+00
      vertex   -1.150654e+02 1.182995e+02 -7.500000e-01
    endloop
  endfacet
  facet normal -9.999936e-01 -3.568738e-03 -9.957735e-16
    outer loop
      vertex   -1.150654e+02 1.182995e+02 -7.500000e-01
      vertex   -1.151000e+02 1.280000e+02 -7.750000e+00
      vertex   -1.150090e+02 1.025000e+02 -7.750000e+00
    endloop
  endfacet
  facet normal -9.999936e-01 -3.568738e-03 -7.026905e-18
    outer loop
      vertex   -1.150654e+02 1.182995e+02 -7.500000e-01
      vertex   -1.150090e+02 1.025000e+02 -7.750000e+00
      vertex   -1.150090e+02 1.025000e+02 -7.500000e-01
    endloop
  endfacet
  facet normal -1.000000e+00 0.000000e+00 0.000000e+00
    outer loop
      vertex   -1.151000e+02 -1.410000e+02 -7.500000e-01
      vertex   -1.151000e+02 -1.313517e+02 -7.500000e-01
      vertex   -1.151000e+02 -1.410000e+02 -7.750000e+00
    endloop
  endfacet
  facet normal -1.000000e+00 0.000000e+00 0.000000e+00
    outer loop
      vertex   -1.151000e+02 -1.410000e+02 -7.750000e+00
      vertex   -1.151000e+02 -1.313517e+02 -7.500000e-01
      vertex   -1.151000e+02 -1.155000e+02 -7.750000e+00
    endloop
  endfacet
  facet normal -1.000000e+00 0.000000e+00 0.000000e+00
    outer loop
      vertex   -1.151000e+02 -1.155000e+02 -7.750000e+00
      vertex   -1.151000e+02 -1.313517e+02 -7.500000e-01
      vertex   -1.151000e+02 -1.155000e+02 -7.500000e-01
    endloop
  endfacet
  facet normal 9.986295e-01 -5.233596e-02 0.000000e+00
    outer loop
      vertex   -8.590000e+01 -1.410000e+02 -7.750000e+00
      vertex   -8.590000e+01 -1.410000e+02 -7.500000e-01
      vertex   -8.597998e+01 -1.425261e+02 -7.750000e+00
    endloop
  endfacet
  facet normal 9.986295e-01 -5.233596e-02 0.000000e+00
    outer loop
      vertex   -8.597998e+01 -1.425261e+02 -7.750000e+00
      vertex   -8.590000e+01 -1.410000e+02 -7.500000e-01
      vertex   -8.597998e+01 -1.425261e+02 -7.500000e-01
    endloop
  endfacet
  facet normal 9.876883e-01 -1.564345e-01 0.000000e+00
    outer loop
      vertex   -8.597998e+01 -1.425261e+02 -7.750000e+00
      vertex   -8.597998e+01 -1.425261e+02 -7.500000e-01
      vertex   -8.621905e+01 -1.440355e+02 -7.750000e+00
    endloop
  endfacet
  facet normal 9.876883e-01 -1.564345e-01 0.000000e+00
    outer loop
      vertex   -8.621905e+01 -1.440355e+02 -7.750000e+00
      vertex   -8.597998e+01 -1.425261e+02 -7.500000e-01
      vertex   -8.621905e+01 -1.440355e+02 -7.500000e-01
    endloop
  endfacet
  facet normal 9.659258e-01 -2.588190e-01 0.000000e+00
    outer loop
      vertex   -8.621905e+01 -1.440355e+02 -7.750000e+00
      vertex   -8.621905e+01 -1.440355e+02 -7.500000e-01
      vertex   -8.661457e+01 -1.455116e+02 -7.750000e+00
    endloop
  endfacet
  facet normal 9.659258e-01 -2.588190e-01 0.000000e+00
    outer loop
      vertex   -8.661457e+01 -1.455116e+02 -7.750000e+00
      vertex   -8.621905e+01 -1.440355e+02 -7.500000e-01
      vertex   -8.661457e+01 -1.455116e+02 -7.500000e-01
    endloop
  endfacet
  facet normal 9.335804e-01 -3.583679e-01 0.000000e+00
    outer loop
      vertex   -8.661457e+01 -1.455116e+02 -7.750000e+00
      vertex   -8.661457e+01 -1.455116e+02 -7.500000e-01
      vertex   -8.716224e+01 -1.469384e+02 -7.750000e+00
    endloop
  endfacet
  facet normal 9.335804e-01 -3.583679e-01 0.000000e+00
    outer loop
      vertex   -8.716224e+01 -1.469384e+02 -7.750000e+00
      vertex   -8.661457e+01 -1.455116e+02 -7.500000e-01
      vertex   -8.716224e+01 -1.469384e+02 -7.500000e-01
    endloop
  endfacet
  facet normal 8.910065e-01 -4.539905e-01 0.000000e+00
    outer loop
      vertex   -8.716224e+01 -1.469384e+02 -7.750000e+00
      vertex   -8.716224e+01 -1.469384e+02 -7.500000e-01
      vertex   -8.785603e+01 -1.483000e+02 -7.750000e+00
    endloop
  endfacet
  facet normal 8.910065e-01 -4.539905e-01 0.000000e+00
    outer loop
      vertex   -8.785603e+01 -1.483000e+02 -7.750000e+00
      vertex   -8.716224e+01 -1.469384e+02 -7.500000e-01
      vertex   -8.785603e+01 -1.483000e+02 -7.500000e-01
    endloop
  endfacet
  facet normal 8.386706e-01 -5.446390e-01 0.000000e+00
    outer loop
      vertex   -8.785603e+01 -1.483000e+02 -7.750000e+00
      vertex   -8.785603e+01 -1.483000e+02 -7.500000e-01
      vertex   -8.868835e+01 -1.495817e+02 -7.750000e+00
    endloop
  endfacet
  facet normal 8.386706e-01 -5.446390e-01 0.000000e+00
    outer loop
      vertex   -8.868835e+01 -1.495817e+02 -7.750000e+00
      vertex   -8.785603e+01 -1.483000e+02 -7.500000e-01
      vertex   -8.868835e+01 -1.495817e+02 -7.500000e-01
    endloop
  endfacet
  facet normal 7.771460e-01 -6.293204e-01 0.000000e+00
    outer loop
      vertex   -8.868835e+01 -1.495817e+02 -7.750000e+00
      vertex   -8.868835e+01 -1.495817e+02 -7.500000e-01
      vertex   -8.965009e+01 -1.507693e+02 -7.750000e+00
    endloop
  endfacet
  facet normal 7.771460e-01 -6.293204e-01 0.000000e+00
    outer loop
      vertex   -8.965009e+01 -1.507693e+02 -7.750000e+00
      vertex   -8.868835e+01 -1.495817e+02 -7.500000e-01
      vertex   -8.965009e+01 -1.507693e+02 -7.500000e-01
    endloop
  endfacet
  facet normal 7.071068e-01 -7.071068e-01 0.000000e+00
    outer loop
      vertex   -8.965009e+01 -1.507693e+02 -7.750000e+00
      vertex   -8.965009e+01 -1.507693e+02 -7.500000e-01
      vertex   -9.073069e+01 -1.518499e+02 -7.750000e+00
    endloop
  endfacet
  facet normal 7.071068e-01 -7.071068e-01 0.000000e+00
    outer loop
      vertex   -9.073069e+01 -1.518499e+02 -7.750000e+00
      vertex   -8.965009e+01 -1.507693e+02 -7.500000e-01
      vertex   -9.073069e+01 -1.518499e+02 -7.500000e-01
    endloop
  endfacet
  facet normal 6.293204e-01 -7.771460e-01 0.000000e+00
    outer loop
      vertex   -9.073069e+01 -1.518499e+02 -7.750000e+00
      vertex   -9.073069e+01 -1.518499e+02 -7.500000e-01
      vertex   -9.191834e+01 -1.528116e+02 -7.750000e+00
    endloop
  endfacet
  facet normal 6.293204e-01 -7.771460e-01 0.000000e+00
    outer loop
      vertex   -9.191834e+01 -1.528116e+02 -7.750000e+00
      vertex   -9.073069e+01 -1.518499e+02 -7.500000e-01
      vertex   -9.191834e+01 -1.528116e+02 -7.500000e-01
    endloop
  endfacet
  facet normal 5.446390e-01 -8.386706e-01 0.000000e+00
    outer loop
      vertex   -9.191834e+01 -1.528116e+02 -7.750000e+00
      vertex   -9.191834e+01 -1.528116e+02 -7.500000e-01
      vertex   -9.320000e+01 -1.536440e+02 -7.750000e+00
    endloop
  endfacet
  facet normal 5.446390e-01 -8.386706e-01 0.000000e+00
    outer loop
      vertex   -9.320000e+01 -1.536440e+02 -7.750000e+00
      vertex   -9.191834e+01 -1.528116e+02 -7.500000e-01
      vertex   -9.320000e+01 -1.536440e+02 -7.500000e-01
    endloop
  endfacet
  facet normal 4.539905e-01 -8.910065e-01 0.000000e+00
    outer loop
      vertex   -9.320000e+01 -1.536440e+02 -7.750000e+00
      vertex   -9.320000e+01 -1.536440e+02 -7.500000e-01
      vertex   -9.456165e+01 -1.543378e+02 -7.750000e+00
    endloop
  endfacet
  facet normal 4.539905e-01 -8.910065e-01 0.000000e+00
    outer loop
      vertex   -9.456165e+01 -1.543378e+02 -7.750000e+00
      vertex   -9.320000e+01 -1.536440e+02 -7.500000e-01
      vertex   -9.456165e+01 -1.543378e+02 -7.500000e-01
    endloop
  endfacet
  facet normal 3.583679e-01 -9.335804e-01 0.000000e+00
    outer loop
      vertex   -9.456165e+01 -1.543378e+02 -7.750000e+00
      vertex   -9.456165e+01 -1.543378e+02 -7.500000e-01
      vertex   -9.598835e+01 -1.548854e+02 -7.750000e+00
    endloop
  endfacet
  facet normal 3.583679e-01 -9.335804e-01 0.000000e+00
    outer loop
      vertex   -9.598835e+01 -1.548854e+02 -7.750000e+00
      vertex   -9.456165e+01 -1.543378e+02 -7.500000e-01
      vertex   -9.598835e+01 -1.548854e+02 -7.500000e-01
    endloop
  endfacet
  facet normal 2.588190e-01 -9.659258e-01 0.000000e+00
    outer loop
      vertex   -9.598835e+01 -1.548854e+02 -7.750000e+00
      vertex   -9.598835e+01 -1.548854e+02 -7.500000e-01
      vertex   -9.746449e+01 -1.552810e+02 -7.750000e+00
    endloop
  endfacet
  facet normal 2.588190e-01 -9.659258e-01 0.000000e+00
    outer loop
      vertex   -9.746449e+01 -1.552810e+02 -7.750000e+00
      vertex   -9.598835e+01 -1.548854e+02 -7.500000e-01
      vertex   -9.746449e+01 -1.552810e+02 -7.500000e-01
    endloop
  endfacet
  facet normal 1.564345e-01 -9.876883e-01 0.000000e+00
    outer loop
      vertex   -9.746449e+01 -1.552810e+02 -7.750000e+00
      vertex   -9.746449e+01 -1.552810e+02 -7.500000e-01
      vertex   -9.897388e+01 -1.555200e+02 -7.750000e+00
    endloop
  endfacet
  facet normal 1.564345e-01 -9.876883e-01 0.000000e+00
    outer loop
      vertex   -9.897388e+01 -1.555200e+02 -7.750000e+00
      vertex   -9.746449e+01 -1.552810e+02 -7.500000e-01
      vertex   -9.897388e+01 -1.555200e+02 -7.500000e-01
    endloop
  endfacet
  facet normal 5.233596e-02 -9.986295e-01 0.000000e+00
    outer loop
      vertex   -9.897388e+01 -1.555200e+02 -7.750000e+00
      vertex   -9.897388e+01 -1.555200e+02 -7.500000e-01
      vertex   -1.005000e+02 -1.556000e+02 -7.750000e+00
    endloop
  endfacet
  facet normal 5.233596e-02 -9.986295e-01 0.000000e+00
    outer loop
      vertex   -1.005000e+02 -1.556000e+02 -7.750000e+00
      vertex   -9.897388e+01 -1.555200e+02 -7.500000e-01
      vertex   -1.005000e+02 -1.556000e+02 -7.500000e-01
    endloop
  endfacet
  facet normal -5.233596e-02 -9.986295e-01 0.000000e+00
    outer loop
      vertex   -1.005000e+02 -1.556000e+02 -7.750000e+00
      vertex   -1.005000e+02 -1.556000e+02 -7.500000e-01
      vertex   -1.020261e+02 -1.555200e+02 -7.750000e+00
    endloop
  endfacet
  facet normal -5.233596e-02 -9.986295e-01 0.000000e+00
    outer loop
      vertex   -1.020261e+02 -1.555200e+02 -7.750000e+00
      vertex   -1.005000e+02 -1.556000e+02 -7.500000e-01
      vertex   -1.020261e+02 -1.555200e+02 -7.500000e-01
    endloop
  endfacet
  facet normal -1.564345e-01 -9.876883e-01 0.000000e+00
    outer loop
      vertex   -1.020261e+02 -1.555200e+02 -7.750000e+00
      vertex   -1.020261e+02 -1.555200e+02 -7.500000e-01
      vertex   -1.035355e+02 -1.552810e+02 -7.750000e+00
    endloop
  endfacet
  facet normal -1.564345e-01 -9.876883e-01 0.000000e+00
    outer loop
      vertex   -1.035355e+02 -1.552810e+02 -7.750000e+00
      vertex   -1.020261e+02 -1.555200e+02 -7.500000e-01
      vertex   -1.035355e+02 -1.552810e+02 -7.500000e-01
    endloop
  endfacet
  facet normal -2.588190e-01 -9.659258e-01 0.000000e+00
    outer loop
      vertex   -1.035355e+02 -1.552810e+02 -7.750000e+00
      vertex   -1.035355e+02 -1.552810e+02 -7.500000e-01
      vertex   -1.050116e+02 -1.548854e+02 -7.750000e+00
    endloop
  endfacet
  facet normal -2.588190e-01 -9.659258e-01 0.000000e+00
    outer loop
      vertex   -1.050116e+02 -1.548854e+02 -7.750000e+00
      vertex   -1.035355e+02 -1.552810e+02 -7.500000e-01
      vertex   -1.050116e+02 -1.548854e+02 -7.500000e-01
    endloop
  endfacet
  facet normal -3.583679e-01 -9.335804e-01 0.000000e+00
    outer loop
      vertex   -1.050116e+02 -1.548854e+02 -7.750000e+00
      vertex   -1.050116e+02 -1.548854e+02 -7.500000e-01
      vertex   -1.064384e+02 -1.543378e+02 -7.750000e+00
    endloop
  endfacet
  facet normal -3.583679e-01 -9.335804e-01 0.000000e+00
    outer loop
      vertex   -1.064384e+02 -1.543378e+02 -7.750000e+00
      vertex   -1.050116e+02 -1.548854e+02 -7.500000e-01
      vertex   -1.064384e+02 -1.543378e+02 -7.500000e-01
    endloop
  endfacet
  facet normal -4.539905e-01 -8.910065e-01 0.000000e+00
    outer loop
      vertex   -1.064384e+02 -1.543378e+02 -7.750000e+00
      vertex   -1.064384e+02 -1.543378e+02 -7.500000e-01
      vertex   -1.078000e+02 -1.536440e+02 -7.750000e+00
    endloop
  endfacet
  facet normal -4.539905e-01 -8.910065e-01 0.000000e+00
    outer loop
      vertex   -1.078000e+02 -1.536440e+02 -7.750000e+00
      vertex   -1.064384e+02 -1.543378e+02 -7.500000e-01
      vertex   -1.078000e+02 -1.536440e+02 -7.500000e-01
    endloop
  endfacet
  facet normal -5.446390e-01 -8.386706e-01 0.000000e+00
    outer loop
      vertex   -1.078000e+02 -1.536440e+02 -7.750000e+00
      vertex   -1.078000e+02 -1.536440e+02 -7.500000e-01
      vertex   -1.090817e+02 -1.528116e+02 -7.750000e+00
    endloop
  endfacet
  facet normal -5.446390e-01 -8.386706e-01 0.000000e+00
    outer loop
      vertex   -1.090817e+02 -1.528116e+02 -7.750000e+00
      vertex   -1.078000e+02 -1.536440e+02 -7.500000e-01
      vertex   -1.090817e+02 -1.528116e+02 -7.500000e-01
    endloop
  endfacet
  facet normal -6.293204e-01 -7.771460e-01 0.000000e+00
    outer loop
      vertex   -1.090817e+02 -1.528116e+02 -7.750000e+00
      vertex   -1.090817e+02 -1.528116e+02 -7.500000e-01
      vertex   -1.102693e+02 -1.518499e+02 -7.750000e+00
    endloop
  endfacet
  facet normal -6.293204e-01 -7.771460e-01 0.000000e+00
    outer loop
      vertex   -1.102693e+02 -1.518499e+02 -7.750000e+00
      vertex   -1.090817e+02 -1.528116e+02 -7.500000e-01
      vertex   -1.102693e+02 -1.518499e+02 -7.500000e-01
    endloop
  endfacet
  facet normal -7.071068e-01 -7.071068e-01 0.000000e+00
    outer loop
      vertex   -1.102693e+02 -1.518499e+02 -7.750000e+00
      vertex   -1.102693e+02 -1.518499e+02 -7.500000e-01
      vertex   -1.113499e+02 -1.507693e+02 -7.750000e+00
    endloop
  endfacet
  facet normal -7.071068e-01 -7.071068e-01 0.000000e+00
    outer loop
      vertex   -1.113499e+02 -1.507693e+02 -7.750000e+00
      vertex   -1.102693e+02 -1.518499e+02 -7.500000e-01
      vertex   -1.113499e+02 -1.507693e+02 -7.500000e-01
    endloop
  endfacet
  facet normal -7.771460e-01 -6.293204e-01 0.000000e+00
    outer loop
      vertex   -1.113499e+02 -1.507693e+02 -7.750000e+00
      vertex   -1.113499e+02 -1.507693e+02 -7.500000e-01
      vertex   -1.123116e+02 -1.495817e+02 -7.750000e+00
    endloop
  endfacet
  facet normal -7.771460e-01 -6.293204e-01 0.000000e+00
    outer loop
      vertex   -1.123116e+02 -1.495817e+02 -7.750000e+00
      vertex   -1.113499e+02 -1.507693e+02 -7.500000e-01
      vertex   -1.123116e+02 -1.495817e+02 -7.500000e-01
    endloop
  endfacet
  facet normal -8.386706e-01 -5.446390e-01 0.000000e+00
    outer loop
      vertex   -1.123116e+02 -1.495817e+02 -7.750000e+00
      vertex   -1.123116e+02 -1.495817e+02 -7.500000e-01
      vertex   -1.131440e+02 -1.483000e+02 -7.750000e+00
    endloop
  endfacet
  facet normal -8.386706e-01 -5.446390e-01 0.000000e+00
    outer loop
      vertex   -1.131440e+02 -1.483000e+02 -7.750000e+00
      vertex   -1.123116e+02 -1.495817e+02 -7.500000e-01
      vertex   -1.131440e+02 -1.483000e+02 -7.500000e-01
    endloop
  endfacet
  facet normal -8.910065e-01 -4.539905e-01 0.000000e+00
    outer loop
      vertex   -1.131440e+02 -1.483000e+02 -7.750000e+00
      vertex   -1.131440e+02 -1.483000e+02 -7.500000e-01
      vertex   -1.138378e+02 -1.469384e+02 -7.750000e+00
    endloop
  endfacet
  facet normal -8.910065e-01 -4.539905e-01 0.000000e+00
    outer loop
      vertex   -1.138378e+02 -1.469384e+02 -7.750000e+00
      vertex   -1.131440e+02 -1.483000e+02 -7.500000e-01
      vertex   -1.138378e+02 -1.469384e+02 -7.500000e-01
    endloop
  endfacet
  facet normal -9.335804e-01 -3.583679e-01 0.000000e+00
    outer loop
      vertex   -1.138378e+02 -1.469384e+02 -7.750000e+00
      vertex   -1.138378e+02 -1.469384e+02 -7.500000e-01
      vertex   -1.143854e+02 -1.455116e+02 -7.750000e+00
    endloop
  endfacet
  facet normal -9.335804e-01 -3.583679e-01 0.000000e+00
    outer loop
      vertex   -1.143854e+02 -1.455116e+02 -7.750000e+00
      vertex   -1.138378e+02 -1.469384e+02 -7.500000e-01
      vertex   -1.143854e+02 -1.455116e+02 -7.500000e-01
    endloop
  endfacet
  facet normal -9.659258e-01 -2.588190e-01 0.000000e+00
    outer loop
      vertex   -1.143854e+02 -1.455116e+02 -7.750000e+00
      vertex   -1.143854e+02 -1.455116e+02 -7.500000e-01
      vertex   -1.147810e+02 -1.440355e+02 -7.750000e+00
    endloop
  endfacet
  facet normal -9.659258e-01 -2.588190e-01 0.000000e+00
    outer loop
      vertex   -1.147810e+02 -1.440355e+02 -7.750000e+00
      vertex   -1.143854e+02 -1.455116e+02 -7.500000e-01
      vertex   -1.147810e+02 -1.440355e+02 -7.500000e-01
    endloop
  endfacet
  facet normal -9.876883e-01 -1.564345e-01 0.000000e+00
    outer loop
      vertex   -1.147810e+02 -1.440355e+02 -7.750000e+00
      vertex   -1.147810e+02 -1.440355e+02 -7.500000e-01
      vertex   -1.150200e+02 -1.425261e+02 -7.750000e+00
    endloop
  endfacet
  facet normal -9.876883e-01 -1.564345e-01 0.000000e+00
    outer loop
      vertex   -1.150200e+02 -1.425261e+02 -7.750000e+00
      vertex   -1.147810e+02 -1.440355e+02 -7.500000e-01
      vertex   -1.150200e+02 -1.425261e+02 -7.500000e-01
    endloop
  endfacet
  facet normal -9.986295e-01 -5.233596e-02 0.000000e+00
    outer loop
      vertex   -1.150200e+02 -1.425261e+02 -7.750000e+00
      vertex   -1.150200e+02 -1.425261e+02 -7.500000e-01
      vertex   -1.151000e+02 -1.410000e+02 -7.750000e+00
    endloop
  endfacet
  facet normal -9.986295e-01 -5.233596e-02 0.000000e+00
    outer loop
      vertex   -1.151000e+02 -1.410000e+02 -7.750000e+00
      vertex   -1.150200e+02 -1.425261e+02 -7.500000e-01
      vertex   -1.151000e+02 -1.410000e+02 -7.500000e-01
    endloop
  endfacet
  facet normal 1.000000e+00 -0.000000e+00 0.000000e+00
    outer loop
      vertex   -8.590000e+01 -1.410000e+02 -7.500000e-01
      vertex   -8.590000e+01 -1.410000e+02 -7.750000e+00
      vertex   -8.590000e+01 -1.313517e+02 -7.500000e-01
    endloop
  endfacet
  facet normal 1.000000e+00 0.000000e+00 0.000000e+00
    outer loop
      vertex   -8.590000e+01 -1.313517e+02 -7.500000e-01
      vertex   -8.590000e+01 -1.410000e+02 -7.750000e+00
      vertex   -8.590000e+01 -1.155000e+02 -7.750000e+00
    endloop
  endfacet
  facet normal 1.000000e+00 -0.000000e+00 0.000000e+00
    outer loop
      vertex   -8.590000e+01 -1.313517e+02 -7.500000e-01
      vertex   -8.590000e+01 -1.155000e+02 -7.750000e+00
      vertex   -8.590000e+01 -1.155000e+02 -7.500000e-01
    endloop
  endfacet
  facet normal 0.000000e+00 0.000000e+00 -1.000000e+00
    outer loop
      vertex   -8.590000e+01 -1.410000e+02 -7.750000e+00
      vertex   -1.151000e+02 -1.410000e+02 -7.750000e+00
      vertex   -8.590000e+01 -1.155000e+02 -7.750000e+00
    endloop
  endfacet
  facet normal -0.000000e+00 0.000000e+00 -1.000000e+00
    outer loop
      vertex   -8.590000e+01 -1.155000e+02 -7.750000e+00
      vertex   -1.151000e+02 -1.410000e+02 -7.750000e+00
      vertex   -1.151000e+02 -1.155000e+02 -7.750000e+00
    endloop
  endfacet
  facet normal 0.000000e+00 0.000000e+00 -1.000000e+00
    outer loop
      vertex   -8.590000e+01 -1.155000e+02 -7.750000e+00
      vertex   -1.151000e+02 -1.155000e+02 -7.750000e+00
      vertex   -1.405000e+02 9.250000e+01 -7.750000e+00
    endloop
  endfacet
  facet normal 0.000000e+00 0.000000e+00 -1.000000e+00
    outer loop
      vertex   -1.405000e+02 9.250000e+01 -7.750000e+00
      vertex   -1.151000e+02 -1.155000e+02 -7.750000e+00
      vertex   -1.405000e+02 -1.055000e+02 -7.750000e+00
    endloop
  endfacet
  facet normal 0.000000e+00 0.000000e+00 -1.000000e+00
    outer loop
      vertex   -1.405000e+02 -1.055000e+02 -7.750000e+00
      vertex   -1.151000e+02 -1.155000e+02 -7.750000e+00
      vertex   -1.305000e+02 -1.155000e+02 -7.750000e+00
    endloop
  endfacet
  facet normal 0.000000e+00 0.000000e+00 -1.000000e+00
    outer loop
      vertex   -1.405000e+02 -1.055000e+02 -7.750000e+00
      vertex   -1.305000e+02 -1.155000e+02 -7.750000e+00
      vertex   -1.317054e+02 -1.154271e+02 -7.750000e+00
    endloop
  endfacet
  facet normal 0.000000e+00 0.000000e+00 -1.000000e+00
    outer loop
      vertex   -1.151000e+02 -1.410000e+02 -7.750000e+00
      vertex   -8.590000e+01 -1.410000e+02 -7.750000e+00
      vertex   -1.150200e+02 -1.425261e+02 -7.750000e+00
    endloop
  endfacet
  facet normal 0.000000e+00 0.000000e+00 -1.000000e+00
    outer loop
      vertex   -1.150200e+02 -1.425261e+02 -7.750000e+00
      vertex   -8.590000e+01 -1.410000e+02 -7.750000e+00
      vertex   -8.597998e+01 -1.425261e+02 -7.750000e+00
    endloop
  endfacet
  facet normal 0.000000e+00 0.000000e+00 -1.000000e+00
    outer loop
      vertex   -1.150200e+02 -1.425261e+02 -7.750000e+00
      vertex   -8.597998e+01 -1.425261e+02 -7.750000e+00
      vertex   -1.147810e+02 -1.440355e+02 -7.750000e+00
    endloop
  endfacet
  facet normal 0.000000e+00 0.000000e+00 -1.000000e+00
    outer loop
      vertex   -1.147810e+02 -1.440355e+02 -7.750000e+00
      vertex   -8.597998e+01 -1.425261e+02 -7.750000e+00
      vertex   -8.621905e+01 -1.440355e+02 -7.750000e+00
    endloop
  endfacet
  facet normal 0.000000e+00 0.000000e+00 -1.000000e+00
    outer loop
      vertex   -1.147810e+02 -1.440355e+02 -7.750000e+00
      vertex   -8.621905e+01 -1.440355e+02 -7.750000e+00
      vertex   -1.143854e+02 -1.455116e+02 -7.750000e+00
    endloop
  endfacet
  facet normal 0.000000e+00 0.000000e+00 -1.000000e+00
    outer loop
      vertex   -1.143854e+02 -1.455116e+02 -7.750000e+00
      vertex   -8.621905e+01 -1.440355e+02 -7.750000e+00
      vertex   -8.661457e+01 -1.455116e+02 -7.750000e+00
    endloop
  endfacet
  facet normal 0.000000e+00 0.000000e+00 -1.000000e+00
    outer loop
      vertex   -1.143854e+02 -1.455116e+02 -7.750000e+00
      vertex   -8.661457e+01 -1.455116e+02 -7.750000e+00
      vertex   -1.138378e+02 -1.469384e+02 -7.750000e+00
    endloop
  endfacet
  facet normal 0.000000e+00 0.000000e+00 -1.000000e+00
    outer loop
      vertex   -1.138378e+02 -1.469384e+02 -7.750000e+00
      vertex   -8.661457e+01 -1.455116e+02 -7.750000e+00
      vertex   -8.716224e+01 -1.469384e+02 -7.750000e+00
    endloop
  endfacet
  facet normal 0.000000e+00 0.000000e+00 -1.000000e+00
    outer loop
      vertex   -1.138378e+02 -1.469384e+02 -7.750000e+00
      vertex   -8.716224e+01 -1.469384e+02 -7.750000e+00
      vertex   -1.131440e+02 -1.483000e+02 -7.750000e+00
    endloop
  endfacet
  facet normal 0.000000e+00 0.000000e+00 -1.000000e+00
    outer loop
      vertex   -1.131440e+02 -1.483000e+02 -7.750000e+00
      vertex   -8.716224e+01 -1.469384e+02 -7.750000e+00
      vertex   -8.785603e+01 -1.483000e+02 -7.750000e+00
    endloop
  endfacet
  facet normal 0.000000e+00 0.000000e+00 -1.000000e+00
    outer loop
      vertex   -1.131440e+02 -1.483000e+02 -7.750000e+00
      vertex   -8.785603e+01 -1.483000e+02 -7.750000e+00
      vertex   -1.123116e+02 -1.495817e+02 -7.750000e+00
    endloop
  endfacet
  facet normal 0.000000e+00 0.000000e+00 -1.000000e+00
    outer loop
      vertex   -1.123116e+02 -1.495817e+02 -7.750000e+00
      vertex   -8.785603e+01 -1.483000e+02 -7.750000e+00
      vertex   -8.868835e+01 -1.495817e+02 -7.750000e+00
    endloop
  endfacet
  facet normal 0.000000e+00 0.000000e+00 -1.000000e+00
    outer loop
      vertex   -1.123116e+02 -1.495817e+02 -7.750000e+00
      vertex   -8.868835e+01 -1.495817e+02 -7.750000e+00
      vertex   -1.113499e+02 -1.507693e+02 -7.750000e+00
    endloop
  endfacet
  facet normal 0.000000e+00 0.000000e+00 -1.000000e+00
    outer loop
      vertex   -1.113499e+02 -1.507693e+02 -7.750000e+00
      vertex   -8.868835e+01 -1.495817e+02 -7.750000e+00
      vertex   -8.965009e+01 -1.507693e+02 -7.750000e+00
    endloop
  endfacet
  facet normal 0.000000e+00 0.000000e+00 -1.000000e+00
    outer loop
      vertex   -1.113499e+02 -1.507693e+02 -7.750000e+00
      vertex   -8.965009e+01 -1.507693e+02 -7.750000e+00
      vertex   -1.102693e+02 -1.518499e+02 -7.750000e+00
    endloop
  endfacet
  facet normal 0.000000e+00 0.000000e+00 -1.000000e+00
    outer loop
      vertex   -1.102693e+02 -1.518499e+02 -7.750000e+00
      vertex   -8.965009e+01 -1.507693e+02 -7.750000e+00
      vertex   -9.073069e+01 -1.518499e+02 -7.750000e+00
    endloop
  endfacet
  facet normal 0.000000e+00 0.000000e+00 -1.000000e+00
    outer loop
      vertex   -1.102693e+02 -1.518499e+02 -7.750000e+00
      vertex   -9.073069e+01 -1.518499e+02 -7.750000e+00
      vertex   -1.090817e+02 -1.528116e+02 -7.750000e+00
    endloop
  endfacet
  facet normal 0.000000e+00 0.000000e+00 -1.000000e+00
    outer loop
      vertex   -1.090817e+02 -1.528116e+02 -7.750000e+00
      vertex   -9.073069e+01 -1.518499e+02 -7.750000e+00
      vertex   -9.191834e+01 -1.528116e+02 -7.750000e+00
    endloop
  endfacet
  facet normal 0.000000e+00 0.000000e+00 -1.000000e+00
    outer loop
      vertex   -1.090817e+02 -1.528116e+02 -7.750000e+00
      vertex   -9.191834e+01 -1.528116e+02 -7.750000e+00
      vertex   -1.078000e+02 -1.536440e+02 -7.750000e+00
    endloop
  endfacet
  facet normal 0.000000e+00 0.000000e+00 -1.000000e+00
    outer loop
      vertex   -1.078000e+02 -1.536440e+02 -7.750000e+00
      vertex   -9.191834e+01 -1.528116e+02 -7.750000e+00
      vertex   -9.320000e+01 -1.536440e+02 -7.750000e+00
    endloop
  endfacet
  facet normal 0.000000e+00 0.000000e+00 -1.000000e+00
    outer loop
      vertex   -1.078000e+02 -1.536440e+02 -7.750000e+00
      vertex   -9.320000e+01 -1.536440e+02 -7.750000e+00
      vertex   -1.064384e+02 -1.543378e+02 -7.750000e+00
    endloop
  endfacet
  facet normal 0.000000e+00 0.000000e+00 -1.000000e+00
    outer loop
      vertex   -1.064384e+02 -1.543378e+02 -7.750000e+00
      vertex   -9.320000e+01 -1.536440e+02 -7.750000e+00
      vertex   -9.456165e+01 -1.543378e+02 -7.750000e+00
    endloop
  endfacet
  facet normal 0.000000e+00 0.000000e+00 -1.000000e+00
    outer loop
      vertex   -1.064384e+02 -1.543378e+02 -7.750000e+00
      vertex   -9.456165e+01 -1.543378e+02 -7.750000e+00
      vertex   -1.050116e+02 -1.548854e+02 -7.750000e+00
    endloop
  endfacet
  facet normal 0.000000e+00 0.000000e+00 -1.000000e+00
    outer loop
      vertex   -1.050116e+02 -1.548854e+02 -7.750000e+00
      vertex   -9.456165e+01 -1.543378e+02 -7.750000e+00
      vertex   -9.598835e+01 -1.548854e+02 -7.750000e+00
    endloop
  endfacet
  facet normal 0.000000e+00 0.000000e+00 -1.000000e+00
    outer loop
      vertex   -1.050116e+02 -1.548854e+02 -7.750000e+00
      vertex   -9.598835e+01 -1.548854e+02 -7.750000e+00
      vertex   -1.035355e+02 -1.552810e+02 -7.750000e+00
    endloop
  endfacet
  facet normal 0.000000e+00 0.000000e+00 -1.000000e+00
    outer loop
      vertex   -1.035355e+02 -1.552810e+02 -7.750000e+00
      vertex   -9.598835e+01 -1.548854e+02 -7.750000e+00
      vertex   -9.746449e+01 -1.552810e+02 -7.750000e+00
    endloop
  endfacet
  facet normal 0.000000e+00 0.000000e+00 -1.000000e+00
    outer loop
      vertex   -1.035355e+02 -1.552810e+02 -7.750000e+00
      vertex   -9.746449e+01 -1.552810e+02 -7.750000e+00
      vertex   -1.020261e+02 -1.555200e+02 -7.750000e+00
    endloop
  endfacet
  facet normal 0.000000e+00 0.000000e+00 -1.000000e+00
    outer loop
      vertex   -1.020261e+02 -1.555200e+02 -7.750000e+00
      vertex   -9.746449e+01 -1.552810e+02 -7.750000e+00
      vertex   -9.897388e+01 -1.555200e+02 -7.750000e+00
    endloop
  endfacet
  facet normal 0.000000e+00 0.000000e+00 -1.000000e+00
    outer loop
      vertex   -1.020261e+02 -1.555200e+02 -7.750000e+00
      vertex   -9.897388e+01 -1.555200e+02 -7.750000e+00
      vertex   -1.005000e+02 -1.556000e+02 -7.750000e+00
    endloop
  endfacet
  facet normal 0.000000e+00 0.000000e+00 -1.000000e+00
    outer loop
      vertex   -1.317054e+02 -1.154271e+02 -7.750000e+00
      vertex   -1.328932e+02 -1.152094e+02 -7.750000e+00
      vertex   -1.405000e+02 -1.055000e+02 -7.750000e+00
    endloop
  endfacet
  facet normal 0.000000e+00 0.000000e+00 -1.000000e+00
    outer loop
      vertex   -1.405000e+02 -1.055000e+02 -7.750000e+00
      vertex   -1.328932e+02 -1.152094e+02 -7.750000e+00
      vertex   -1.340460e+02 -1.148502e+02 -7.750000e+00
    endloop
  endfacet
  facet normal 0.000000e+00 0.000000e+00 -1.000000e+00
    outer loop
      vertex   -1.405000e+02 -1.055000e+02 -7.750000e+00
      vertex   -1.340460e+02 -1.148502e+02 -7.750000e+00
      vertex   -1.351472e+02 -1.143546e+02 -7.750000e+00
    endloop
  endfacet
  facet normal 0.000000e+00 0.000000e+00 -1.000000e+00
    outer loop
      vertex   -1.351472e+02 -1.143546e+02 -7.750000e+00
      vertex   -1.361806e+02 -1.137298e+02 -7.750000e+00
      vertex   -1.405000e+02 -1.055000e+02 -7.750000e+00
    endloop
  endfacet
  facet normal 0.000000e+00 0.000000e+00 -1.000000e+00
    outer loop
      vertex   -1.405000e+02 -1.055000e+02 -7.750000e+00
      vertex   -1.361806e+02 -1.137298e+02 -7.750000e+00
      vertex   -1.371312e+02 -1.129851e+02 -7.750000e+00
    endloop
  endfacet
  facet normal 0.000000e+00 0.000000e+00 -1.000000e+00
    outer loop
      vertex   -1.405000e+02 -1.055000e+02 -7.750000e+00
      vertex   -1.371312e+02 -1.129851e+02 -7.750000e+00
      vertex   -1.379851e+02 -1.121312e+02 -7.750000e+00
    endloop
  endfacet
  facet normal 0.000000e+00 0.000000e+00 -1.000000e+00
    outer loop
      vertex   -1.379851e+02 -1.121312e+02 -7.750000e+00
      vertex   -1.387298e+02 -1.111806e+02 -7.750000e+00
      vertex   -1.405000e+02 -1.055000e+02 -7.750000e+00
    endloop
  endfacet
  facet normal 0.000000e+00 0.000000e+00 -1.000000e+00
    outer loop
      vertex   -1.405000e+02 -1.055000e+02 -7.750000e+00
      vertex   -1.387298e+02 -1.111806e+02 -7.750000e+00
      vertex   -1.393546e+02 -1.101472e+02 -7.750000e+00
    endloop
  endfacet
  facet normal 0.000000e+00 0.000000e+00 -1.000000e+00
    outer loop
      vertex   -1.405000e+02 -1.055000e+02 -7.750000e+00
      vertex   -1.393546e+02 -1.101472e+02 -7.750000e+00
      vertex   -1.398502e+02 -1.090460e+02 -7.750000e+00
    endloop
  endfacet
  facet normal 0.000000e+00 0.000000e+00 -1.000000e+00
    outer loop
      vertex   -1.398502e+02 -1.090460e+02 -7.750000e+00
      vertex   -1.402094e+02 -1.078932e+02 -7.750000e+00
      vertex   -1.405000e+02 -1.055000e+02 -7.750000e+00
    endloop
  endfacet
  facet normal 0.000000e+00 0.000000e+00 -1.000000e+00
    outer loop
      vertex   -1.405000e+02 -1.055000e+02 -7.750000e+00
      vertex   -1.402094e+02 -1.078932e+02 -7.750000e+00
      vertex   -1.404271e+02 -1.067054e+02 -7.750000e+00
    endloop
  endfacet
  facet normal 0.000000e+00 -0.000000e+00 -1.000000e+00
    outer loop
      vertex   -1.404271e+02 9.370537e+01 -7.750000e+00
      vertex   -1.402094e+02 9.489316e+01 -7.750000e+00
      vertex   -1.405000e+02 9.250000e+01 -7.750000e+00
    endloop
  endfacet
  facet normal 0.000000e+00 0.000000e+00 -1.000000e+00
    outer loop
      vertex   -1.405000e+02 9.250000e+01 -7.750000e+00
      vertex   -1.402094e+02 9.489316e+01 -7.750000e+00
      vertex   -1.398502e+02 9.604605e+01 -7.750000e+00
    endloop
  endfacet
  facet normal 0.000000e+00 0.000000e+00 -1.000000e+00
    outer loop
      vertex   -1.405000e+02 9.250000e+01 -7.750000e+00
      vertex   -1.398502e+02 9.604605e+01 -7.750000e+00
      vertex   -1.393546e+02 9.714723e+01 -7.750000e+00
    endloop
  endfacet
  facet normal 0.000000e+00 -0.000000e+00 -1.000000e+00
    outer loop
      vertex   -1.393546e+02 9.714723e+01 -7.750000e+00
      vertex   -1.387298e+02 9.818065e+01 -7.750000e+00
      vertex   -1.405000e+02 9.250000e+01 -7.750000e+00
    endloop
  endfacet
  facet normal 0.000000e+00 0.000000e+00 -1.000000e+00
    outer loop
      vertex   -1.405000e+02 9.250000e+01 -7.750000e+00
      vertex   -1.387298e+02 9.818065e+01 -7.750000e+00
      vertex   -1.379851e+02 9.913123e+01 -7.750000e+00
    endloop
  endfacet
  facet normal 0.000000e+00 0.000000e+00 -1.000000e+00
    outer loop
      vertex   -1.405000e+02 9.250000e+01 -7.750000e+00
      vertex   -1.379851e+02 9.913123e+01 -7.750000e+00
      vertex   -1.371312e+02 9.998511e+01 -7.750000e+00
    endloop
  endfacet
  facet normal 0.000000e+00 -0.000000e+00 -1.000000e+00
    outer loop
      vertex   -1.371312e+02 9.998511e+01 -7.750000e+00
      vertex   -1.361806e+02 1.007298e+02 -7.750000e+00
      vertex   -1.405000e+02 9.250000e+01 -7.750000e+00
    endloop
  endfacet
  facet normal 0.000000e+00 0.000000e+00 -1.000000e+00
    outer loop
      vertex   -1.405000e+02 9.250000e+01 -7.750000e+00
      vertex   -1.361806e+02 1.007298e+02 -7.750000e+00
      vertex   -1.351472e+02 1.013546e+02 -7.750000e+00
    endloop
  endfacet
  facet normal 0.000000e+00 0.000000e+00 -1.000000e+00
    outer loop
      vertex   -1.405000e+02 9.250000e+01 -7.750000e+00
      vertex   -1.351472e+02 1.013546e+02 -7.750000e+00
      vertex   -1.340460e+02 1.018502e+02 -7.750000e+00
    endloop
  endfacet
  facet normal 0.000000e+00 -0.000000e+00 -1.000000e+00
    outer loop
      vertex   -1.340460e+02 1.018502e+02 -7.750000e+00
      vertex   -1.328932e+02 1.022094e+02 -7.750000e+00
      vertex   -1.405000e+02 9.250000e+01 -7.750000e+00
    endloop
  endfacet
  facet normal 0.000000e+00 0.000000e+00 -1.000000e+00
    outer loop
      vertex   -1.405000e+02 9.250000e+01 -7.750000e+00
      vertex   -1.328932e+02 1.022094e+02 -7.750000e+00
      vertex   -8.590000e+01 -1.155000e+02 -7.750000e+00
    endloop
  endfacet
  facet normal 0.000000e+00 0.000000e+00 -1.000000e+00
    outer loop
      vertex   -8.590000e+01 -1.155000e+02 -7.750000e+00
      vertex   -1.328932e+02 1.022094e+02 -7.750000e+00
      vertex   1.187054e+02 1.024271e+02 -7.750000e+00
    endloop
  endfacet
  facet normal -0.000000e+00 0.000000e+00 -1.000000e+00
    outer loop
      vertex   1.187054e+02 1.024271e+02 -7.750000e+00
      vertex   -1.328932e+02 1.022094e+02 -7.750000e+00
      vertex   -1.317054e+02 1.024271e+02 -7.750000e+00
    endloop
  endfacet
  facet normal 0.000000e+00 0.000000e+00 -1.000000e+00
    outer loop
      vertex   1.187054e+02 1.024271e+02 -7.750000e+00
      vertex   -1.317054e+02 1.024271e+02 -7.750000e+00
      vertex   1.175000e+02 1.025000e+02 -7.750000e+00
    endloop
  endfacet
  facet normal -0.000000e+00 0.000000e+00 -1.000000e+00
    outer loop
      vertex   1.175000e+02 1.025000e+02 -7.750000e+00
      vertex   -1.317054e+02 1.024271e+02 -7.750000e+00
      vertex   -8.600777e+01 1.025000e+02 -7.750000e+00
    endloop
  endfacet
  facet normal -0.000000e+00 0.000000e+00 -1.000000e+00
    outer loop
      vertex   -8.600777e+01 1.025000e+02 -7.750000e+00
      vertex   -1.317054e+02 1.024271e+02 -7.750000e+00
      vertex   -1.150090e+02 1.025000e+02 -7.750000e+00
    endloop
  endfacet
  facet normal 0.000000e+00 0.000000e+00 -1.000000e+00
    outer loop
      vertex   -8.600777e+01 1.025000e+02 -7.750000e+00
      vertex   -1.150090e+02 1.025000e+02 -7.750000e+00
      vertex   -1.151000e+02 1.280000e+02 -7.750000e+00
    endloop
  endfacet
  facet normal 0.000000e+00 0.000000e+00 -1.000000e+00
    outer loop
      vertex   -1.317054e+02 1.024271e+02 -7.750000e+00
      vertex   -1.305000e+02 1.025000e+02 -7.750000e+00
      vertex   -1.150090e+02 1.025000e+02 -7.750000e+00
    endloop
  endfacet
  facet normal 0.000000e+00 -0.000000e+00 -1.000000e+00
    outer loop
      vertex   -1.150200e+02 1.295261e+02 -7.750000e+00
      vertex   -1.147810e+02 1.310355e+02 -7.750000e+00
      vertex   -1.151000e+02 1.280000e+02 -7.750000e+00
    endloop
  endfacet
  facet normal 0.000000e+00 0.000000e+00 -1.000000e+00
    outer loop
      vertex   -1.151000e+02 1.280000e+02 -7.750000e+00
      vertex   -1.147810e+02 1.310355e+02 -7.750000e+00
      vertex   -1.143854e+02 1.325116e+02 -7.750000e+00
    endloop
  endfacet
  facet normal 0.000000e+00 0.000000e+00 -1.000000e+00
    outer loop
      vertex   -1.151000e+02 1.280000e+02 -7.750000e+00
      vertex   -1.143854e+02 1.325116e+02 -7.750000e+00
      vertex   -1.138378e+02 1.339384e+02 -7.750000e+00
    endloop
  endfacet
  facet normal 0.000000e+00 -0.000000e+00 -1.000000e+00
    outer loop
      vertex   -1.138378e+02 1.339384e+02 -7.750000e+00
      vertex   -1.131440e+02 1.353000e+02 -7.750000e+00
      vertex   -1.151000e+02 1.280000e+02 -7.750000e+00
    endloop
  endfacet
  facet normal 0.000000e+00 0.000000e+00 -1.000000e+00
    outer loop
      vertex   -1.151000e+02 1.280000e+02 -7.750000e+00
      vertex   -1.131440e+02 1.353000e+02 -7.750000e+00
      vertex   -1.123116e+02 1.365817e+02 -7.750000e+00
    endloop
  endfacet
  facet normal 0.000000e+00 0.000000e+00 -1.000000e+00
    outer loop
      vertex   -1.151000e+02 1.280000e+02 -7.750000e+00
      vertex   -1.123116e+02 1.365817e+02 -7.750000e+00
      vertex   -1.113499e+02 1.377693e+02 -7.750000e+00
    endloop
  endfacet
  facet normal 0.000000e+00 -0.000000e+00 -1.000000e+00
    outer loop
      vertex   -1.113499e+02 1.377693e+02 -7.750000e+00
      vertex   -1.102693e+02 1.388499e+02 -7.750000e+00
      vertex   -1.151000e+02 1.280000e+02 -7.750000e+00
    endloop
  endfacet
  facet normal 0.000000e+00 0.000000e+00 -1.000000e+00
    outer loop
      vertex   -1.151000e+02 1.280000e+02 -7.750000e+00
      vertex   -1.102693e+02 1.388499e+02 -7.750000e+00
      vertex   -1.090817e+02 1.398116e+02 -7.750000e+00
    endloop
  endfacet
  facet normal 0.000000e+00 0.000000e+00 -1.000000e+00
    outer loop
      vertex   -1.151000e+02 1.280000e+02 -7.750000e+00
      vertex   -1.090817e+02 1.398116e+02 -7.750000e+00
      vertex   -1.078000e+02 1.406440e+02 -7.750000e+00
    endloop
  endfacet
  facet normal 0.000000e+00 -0.000000e+00 -1.000000e+00
    outer loop
      vertex   -1.078000e+02 1.406440e+02 -7.750000e+00
      vertex   -1.064384e+02 1.413378e+02 -7.750000e+00
      vertex   -1.151000e+02 1.280000e+02 -7.750000e+00
    endloop
  endfacet
  facet normal 0.000000e+00 0.000000e+00 -1.000000e+00
    outer loop
      vertex   -1.151000e+02 1.280000e+02 -7.750000e+00
      vertex   -1.064384e+02 1.413378e+02 -7.750000e+00
      vertex   -1.050116e+02 1.418854e+02 -7.750000e+00
    endloop
  endfacet
  facet normal 0.000000e+00 0.000000e+00 -1.000000e+00
    outer loop
      vertex   -1.151000e+02 1.280000e+02 -7.750000e+00
      vertex   -1.050116e+02 1.418854e+02 -7.750000e+00
      vertex   -1.035355e+02 1.422810e+02 -7.750000e+00
    endloop
  endfacet
  facet normal 0.000000e+00 -0.000000e+00 -1.000000e+00
    outer loop
      vertex   -1.035355e+02 1.422810e+02 -7.750000e+00
      vertex   -1.020261e+02 1.425200e+02 -7.750000e+00
      vertex   -1.151000e+02 1.280000e+02 -7.750000e+00
    endloop
  endfacet
  facet normal 0.000000e+00 0.000000e+00 -1.000000e+00
    outer loop
      vertex   -1.151000e+02 1.280000e+02 -7.750000e+00
      vertex   -1.020261e+02 1.425200e+02 -7.750000e+00
      vertex   -1.005000e+02 1.426000e+02 -7.750000e+00
    endloop
  endfacet
  facet normal 0.000000e+00 0.000000e+00 -1.000000e+00
    outer loop
      vertex   -1.151000e+02 1.280000e+02 -7.750000e+00
      vertex   -1.005000e+02 1.426000e+02 -7.750000e+00
      vertex   -9.897388e+01 1.425200e+02 -7.750000e+00
    endloop
  endfacet
  facet normal 0.000000e+00 -0.000000e+00 -1.000000e+00
    outer loop
      vertex   -9.897388e+01 1.425200e+02 -7.750000e+00
      vertex   -9.746449e+01 1.422810e+02 -7.750000e+00
      vertex   -1.151000e+02 1.280000e+02 -7.750000e+00
    endloop
  endfacet
  facet normal 0.000000e+00 0.000000e+00 -1.000000e+00
    outer loop
      vertex   -1.151000e+02 1.280000e+02 -7.750000e+00
      vertex   -9.746449e+01 1.422810e+02 -7.750000e+00
      vertex   -9.598835e+01 1.418854e+02 -7.750000e+00
    endloop
  endfacet
  facet normal 0.000000e+00 0.000000e+00 -1.000000e+00
    outer loop
      vertex   -1.151000e+02 1.280000e+02 -7.750000e+00
      vertex   -9.598835e+01 1.418854e+02 -7.750000e+00
      vertex   -9.456165e+01 1.413378e+02 -7.750000e+00
    endloop
  endfacet
  facet normal 0.000000e+00 -0.000000e+00 -1.000000e+00
    outer loop
      vertex   -9.456165e+01 1.413378e+02 -7.750000e+00
      vertex   -9.320000e+01 1.406440e+02 -7.750000e+00
      vertex   -1.151000e+02 1.280000e+02 -7.750000e+00
    endloop
  endfacet
  facet normal 0.000000e+00 0.000000e+00 -1.000000e+00
    outer loop
      vertex   -1.151000e+02 1.280000e+02 -7.750000e+00
      vertex   -9.320000e+01 1.406440e+02 -7.750000e+00
      vertex   -9.191834e+01 1.398116e+02 -7.750000e+00
    endloop
  endfacet
  facet normal 0.000000e+00 0.000000e+00 -1.000000e+00
    outer loop
      vertex   -1.151000e+02 1.280000e+02 -7.750000e+00
      vertex   -9.191834e+01 1.398116e+02 -7.750000e+00
      vertex   -9.073069e+01 1.388499e+02 -7.750000e+00
    endloop
  endfacet
  facet normal 0.000000e+00 -0.000000e+00 -1.000000e+00
    outer loop
      vertex   -9.073069e+01 1.388499e+02 -7.750000e+00
      vertex   -8.965009e+01 1.377693e+02 -7.750000e+00
      vertex   -1.151000e+02 1.280000e+02 -7.750000e+00
    endloop
  endfacet
  facet normal 0.000000e+00 0.000000e+00 -1.000000e+00
    outer loop
      vertex   -1.151000e+02 1.280000e+02 -7.750000e+00
      vertex   -8.965009e+01 1.377693e+02 -7.750000e+00
      vertex   -8.868835e+01 1.365817e+02 -7.750000e+00
    endloop
  endfacet
  facet normal 0.000000e+00 0.000000e+00 -1.000000e+00
    outer loop
      vertex   -1.151000e+02 1.280000e+02 -7.750000e+00
      vertex   -8.868835e+01 1.365817e+02 -7.750000e+00
      vertex   -8.785603e+01 1.353000e+02 -7.750000e+00
    endloop
  endfacet
  facet normal 0.000000e+00 -0.000000e+00 -1.000000e+00
    outer loop
      vertex   -8.785603e+01 1.353000e+02 -7.750000e+00
      vertex   -8.716224e+01 1.339384e+02 -7.750000e+00
      vertex   -1.151000e+02 1.280000e+02 -7.750000e+00
    endloop
  endfacet
  facet normal 0.000000e+00 0.000000e+00 -1.000000e+00
    outer loop
      vertex   -1.151000e+02 1.280000e+02 -7.750000e+00
      vertex   -8.716224e+01 1.339384e+02 -7.750000e+00
      vertex   -8.661457e+01 1.325116e+02 -7.750000e+00
    endloop
  endfacet
  facet normal 0.000000e+00 0.000000e+00 -1.000000e+00
    outer loop
      vertex   -1.151000e+02 1.280000e+02 -7.750000e+00
      vertex   -8.661457e+01 1.325116e+02 -7.750000e+00
      vertex   -8.621905e+01 1.310355e+02 -7.750000e+00
    endloop
  endfacet
  facet normal 0.000000e+00 -0.000000e+00 -1.000000e+00
    outer loop
      vertex   -8.621905e+01 1.310355e+02 -7.750000e+00
      vertex   -8.597998e+01 1.295261e+02 -7.750000e+00
      vertex   -1.151000e+02 1.280000e+02 -7.750000e+00
    endloop
  endfacet
  facet normal 0.000000e+00 0.000000e+00 -1.000000e+00
    outer loop
      vertex   -1.151000e+02 1.280000e+02 -7.750000e+00
      vertex   -8.597998e+01 1.295261e+02 -7.750000e+00
      vertex   -8.590000e+01 1.280000e+02 -7.750000e+00
    endloop
  endfacet
  facet normal 0.000000e+00 0.000000e+00 -1.000000e+00
    outer loop
      vertex   -1.151000e+02 1.280000e+02 -7.750000e+00
      vertex   -8.590000e+01 1.280000e+02 -7.750000e+00
      vertex   -8.600777e+01 1.025000e+02 -7.750000e+00
    endloop
  endfacet
  facet normal -0.000000e+00 -0.000000e+00 -1.000000e+00
    outer loop
      vertex   1.198932e+02 1.022094e+02 -7.750000e+00
      vertex   1.275000e+02 9.250000e+01 -7.750000e+00
      vertex   1.187054e+02 1.024271e+02 -7.750000e+00
    endloop
  endfacet
  facet normal 0.000000e+00 -0.000000e+00 -1.000000e+00
    outer loop
      vertex   1.187054e+02 1.024271e+02 -7.750000e+00
      vertex   1.275000e+02 9.250000e+01 -7.750000e+00
      vertex   1.175000e+02 -1.155000e+02 -7.750000e+00
    endloop
  endfacet
  facet normal 0.000000e+00 0.000000e+00 -1.000000e+00
    outer loop
      vertex   1.187054e+02 1.024271e+02 -7.750000e+00
      vertex   1.175000e+02 -1.155000e+02 -7.750000e+00
      vertex   -8.590000e+01 -1.155000e+02 -7.750000e+00
    endloop
  endfacet
  facet normal 0.000000e+00 0.000000e+00 -1.000000e+00
    outer loop
      vertex   1.198932e+02 1.022094e+02 -7.750000e+00
      vertex   1.210460e+02 1.018502e+02 -7.750000e+00
      vertex   1.275000e+02 9.250000e+01 -7.750000e+00
    endloop
  endfacet
  facet normal 0.000000e+00 0.000000e+00 -1.000000e+00
    outer loop
      vertex   1.275000e+02 9.250000e+01 -7.750000e+00
      vertex   1.210460e+02 1.018502e+02 -7.750000e+00
      vertex   1.221472e+02 1.013546e+02 -7.750000e+00
    endloop
  endfacet
  facet normal 0.000000e+00 0.000000e+00 -1.000000e+00
    outer loop
      vertex   1.275000e+02 9.250000e+01 -7.750000e+00
      vertex   1.221472e+02 1.013546e+02 -7.750000e+00
      vertex   1.231806e+02 1.007298e+02 -7.750000e+00
    endloop
  endfacet
  facet normal 0.000000e+00 0.000000e+00 -1.000000e+00
    outer loop
      vertex   1.231806e+02 1.007298e+02 -7.750000e+00
      vertex   1.241312e+02 9.998511e+01 -7.750000e+00
      vertex   1.275000e+02 9.250000e+01 -7.750000e+00
    endloop
  endfacet
  facet normal 0.000000e+00 0.000000e+00 -1.000000e+00
    outer loop
      vertex   1.275000e+02 9.250000e+01 -7.750000e+00
      vertex   1.241312e+02 9.998511e+01 -7.750000e+00
      vertex   1.249851e+02 9.913123e+01 -7.750000e+00
    endloop
  endfacet
  facet normal 0.000000e+00 0.000000e+00 -1.000000e+00
    outer loop
      vertex   1.275000e+02 9.250000e+01 -7.750000e+00
      vertex   1.249851e+02 9.913123e+01 -7.750000e+00
      vertex   1.257298e+02 9.818065e+01 -7.750000e+00
    endloop
  endfacet
  facet normal 0.000000e+00 0.000000e+00 -1.000000e+00
    outer loop
      vertex   1.257298e+02 9.818065e+01 -7.750000e+00
      vertex   1.263546e+02 9.714723e+01 -7.750000e+00
      vertex   1.275000e+02 9.250000e+01 -7.750000e+00
    endloop
  endfacet
  facet normal 0.000000e+00 0.000000e+00 -1.000000e+00
    outer loop
      vertex   1.275000e+02 9.250000e+01 -7.750000e+00
      vertex   1.263546e+02 9.714723e+01 -7.750000e+00
      vertex   1.268502e+02 9.604605e+01 -7.750000e+00
    endloop
  endfacet
  facet normal 0.000000e+00 0.000000e+00 -1.000000e+00
    outer loop
      vertex   1.275000e+02 9.250000e+01 -7.750000e+00
      vertex   1.268502e+02 9.604605e+01 -7.750000e+00
      vertex   1.272094e+02 9.489316e+01 -7.750000e+00
    endloop
  endfacet
  facet normal 0.000000e+00 0.000000e+00 -1.000000e+00
    outer loop
      vertex   1.272094e+02 9.489316e+01 -7.750000e+00
      vertex   1.274271e+02 9.370537e+01 -7.750000e+00
      vertex   1.275000e+02 9.250000e+01 -7.750000e+00
    endloop
  endfacet
  facet normal 0.000000e+00 0.000000e+00 -1.000000e+00
    outer loop
      vertex   1.275000e+02 9.250000e+01 -7.750000e+00
      vertex   1.275000e+02 -1.055000e+02 -7.750000e+00
      vertex   1.175000e+02 -1.155000e+02 -7.750000e+00
    endloop
  endfacet
  facet normal 0.000000e+00 0.000000e+00 -1.000000e+00
    outer loop
      vertex   1.175000e+02 -1.155000e+02 -7.750000e+00
      vertex   1.275000e+02 -1.055000e+02 -7.750000e+00
      vertex   1.187054e+02 -1.154271e+02 -7.750000e+00
    endloop
  endfacet
  facet normal 0.000000e+00 0.000000e+00 -1.000000e+00
    outer loop
      vertex   1.187054e+02 -1.154271e+02 -7.750000e+00
      vertex   1.275000e+02 -1.055000e+02 -7.750000e+00
      vertex   1.198932e+02 -1.152094e+02 -7.750000e+00
    endloop
  endfacet
  facet normal 0.000000e+00 0.000000e+00 -1.000000e+00
    outer loop
      vertex   1.198932e+02 -1.152094e+02 -7.750000e+00
      vertex   1.275000e+02 -1.055000e+02 -7.750000e+00
      vertex   1.210460e+02 -1.148502e+02 -7.750000e+00
    endloop
  endfacet
  facet normal 0.000000e+00 0.000000e+00 -1.000000e+00
    outer loop
      vertex   1.210460e+02 -1.148502e+02 -7.750000e+00
      vertex   1.275000e+02 -1.055000e+02 -7.750000e+00
      vertex   1.221472e+02 -1.143546e+02 -7.750000e+00
    endloop
  endfacet
  facet normal 0.000000e+00 0.000000e+00 -1.000000e+00
    outer loop
      vertex   1.221472e+02 -1.143546e+02 -7.750000e+00
      vertex   1.275000e+02 -1.055000e+02 -7.750000e+00
      vertex   1.231806e+02 -1.137298e+02 -7.750000e+00
    endloop
  endfacet
  facet normal 0.000000e+00 0.000000e+00 -1.000000e+00
    outer loop
      vertex   1.231806e+02 -1.137298e+02 -7.750000e+00
      vertex   1.275000e+02 -1.055000e+02 -7.750000e+00
      vertex   1.241312e+02 -1.129851e+02 -7.750000e+00
    endloop
  endfacet
  facet normal 0.000000e+00 0.000000e+00 -1.000000e+00
    outer loop
      vertex   1.241312e+02 -1.129851e+02 -7.750000e+00
      vertex   1.275000e+02 -1.055000e+02 -7.750000e+00
      vertex   1.249851e+02 -1.121312e+02 -7.750000e+00
    endloop
  endfacet
  facet normal 0.000000e+00 0.000000e+00 -1.000000e+00
    outer loop
      vertex   1.249851e+02 -1.121312e+02 -7.750000e+00
      vertex   1.275000e+02 -1.055000e+02 -7.750000e+00
      vertex   1.257298e+02 -1.111806e+02 -7.750000e+00
    endloop
  endfacet
  facet normal 0.000000e+00 0.000000e+00 -1.000000e+00
    outer loop
      vertex   1.257298e+02 -1.111806e+02 -7.750000e+00
      vertex   1.275000e+02 -1.055000e+02 -7.750000e+00
      vertex   1.263546e+02 -1.101472e+02 -7.750000e+00
    endloop
  endfacet
  facet normal 0.000000e+00 0.000000e+00 -1.000000e+00
    outer loop
      vertex   1.263546e+02 -1.101472e+02 -7.750000e+00
      vertex   1.275000e+02 -1.055000e+02 -7.750000e+00
      vertex   1.268502e+02 -1.090460e+02 -7.750000e+00
    endloop
  endfacet
  facet normal 0.000000e+00 0.000000e+00 -1.000000e+00
    outer loop
      vertex   1.268502e+02 -1.090460e+02 -7.750000e+00
      vertex   1.275000e+02 -1.055000e+02 -7.750000e+00
      vertex   1.272094e+02 -1.078932e+02 -7.750000e+00
    endloop
  endfacet
  facet normal 0.000000e+00 0.000000e+00 -1.000000e+00
    outer loop
      vertex   1.272094e+02 -1.078932e+02 -7.750000e+00
      vertex   1.275000e+02 -1.055000e+02 -7.750000e+00
      vertex   1.274271e+02 -1.067054e+02 -7.750000e+00
    endloop
  endfacet
  facet normal 0.000000e+00 1.000000e+00 0.000000e+00
    outer loop
      vertex   1.175000e+02 1.025000e+02 0.000000e+00
      vertex   -8.600777e+01 1.025000e+02 -7.500000e-01
      vertex   -1.305000e+02 1.025000e+02 0.000000e+00
    endloop
  endfacet
  facet normal 0.000000e+00 1.000000e+00 0.000000e+00
    outer loop
      vertex   -1.305000e+02 1.025000e+02 0.000000e+00
      vertex   -8.600777e+01 1.025000e+02 -7.500000e-01
      vertex   -1.150090e+02 1.025000e+02 -7.500000e-01
    endloop
  endfacet
  facet normal 8.877695e-17 1.000000e+00 1.833659e-15
    outer loop
      vertex   -1.305000e+02 1.025000e+02 0.000000e+00
      vertex   -1.150090e+02 1.025000e+02 -7.500000e-01
      vertex   -1.305000e+02 1.025000e+02 -7.750000e+00
    endloop
  endfacet
  facet normal -0.000000e+00 1.000000e+00 2.030122e-15
    outer loop
      vertex   -1.305000e+02 1.025000e+02 -7.750000e+00
      vertex   -1.150090e+02 1.025000e+02 -7.500000e-01
      vertex   -1.150090e+02 1.025000e+02 -7.750000e+00
    endloop
  endfacet
  facet normal -6.757698e-18 1.000000e+00 1.833659e-15
    outer loop
      vertex   1.175000e+02 1.025000e+02 0.000000e+00
      vertex   1.175000e+02 1.025000e+02 -7.750000e+00
      vertex   -8.600777e+01 1.025000e+02 -7.500000e-01
    endloop
  endfacet
  facet normal 0.000000e+00 1.000000e+00 2.030122e-15
    outer loop
      vertex   -8.600777e+01 1.025000e+02 -7.500000e-01
      vertex   1.175000e+02 1.025000e+02 -7.750000e+00
      vertex   -8.600777e+01 1.025000e+02 -7.750000e+00
    endloop
  endfacet
  facet normal -9.981756e-01 6.037850e-02 0.000000e+00
    outer loop
      vertex   -1.405000e+02 9.250000e+01 -7.750000e+00
      vertex   -1.405000e+02 9.250000e+01 0.000000e+00
      vertex   -1.404271e+02 9.370537e+01 -7.750000e+00
    endloop
  endfacet
  facet normal -9.981756e-01 6.037850e-02 0.000000e+00
    outer loop
      vertex   -1.404271e+02 9.370537e+01 -7.750000e+00
      vertex   -1.405000e+02 9.250000e+01 0.000000e+00
      vertex   -1.404271e+02 9.370537e+01 0.000000e+00
    endloop
  endfacet
  facet normal -9.836199e-01 1.802550e-01 0.000000e+00
    outer loop
      vertex   -1.404271e+02 9.370537e+01 -7.750000e+00
      vertex   -1.404271e+02 9.370537e+01 0.000000e+00
      vertex   -1.402094e+02 9.489316e+01 -7.750000e+00
    endloop
  endfacet
  facet normal -9.836199e-01 1.802550e-01 0.000000e+00
    outer loop
      vertex   -1.402094e+02 9.489316e+01 -7.750000e+00
      vertex   -1.404271e+02 9.370537e+01 0.000000e+00
      vertex   -1.402094e+02 9.489316e+01 0.000000e+00
    endloop
  endfacet
  facet normal -9.547209e-01 2.975031e-01 0.000000e+00
    outer loop
      vertex   -1.402094e+02 9.489316e+01 -7.750000e+00
      vertex   -1.402094e+02 9.489316e+01 0.000000e+00
      vertex   -1.398502e+02 9.604605e+01 -7.750000e+00
    endloop
  endfacet
  facet normal -9.547209e-01 2.975031e-01 0.000000e+00
    outer loop
      vertex   -1.398502e+02 9.604605e+01 -7.750000e+00
      vertex   -1.402094e+02 9.489316e+01 0.000000e+00
      vertex   -1.398502e+02 9.604605e+01 0.000000e+00
    endloop
  endfacet
  facet normal -9.118998e-01 4.104128e-01 0.000000e+00
    outer loop
      vertex   -1.398502e+02 9.604605e+01 -7.750000e+00
      vertex   -1.398502e+02 9.604605e+01 0.000000e+00
      vertex   -1.393546e+02 9.714723e+01 -7.750000e+00
    endloop
  endfacet
  facet normal -9.118998e-01 4.104128e-01 0.000000e+00
    outer loop
      vertex   -1.393546e+02 9.714723e+01 -7.750000e+00
      vertex   -1.398502e+02 9.604605e+01 0.000000e+00
      vertex   -1.393546e+02 9.714723e+01 0.000000e+00
    endloop
  endfacet
  facet normal -8.557813e-01 5.173378e-01 0.000000e+00
    outer loop
      vertex   -1.393546e+02 9.714723e+01 -7.750000e+00
      vertex   -1.393546e+02 9.714723e+01 0.000000e+00
      vertex   -1.387298e+02 9.818065e+01 -7.750000e+00
    endloop
  endfacet
  facet normal -8.557813e-01 5.173378e-01 0.000000e+00
    outer loop
      vertex   -1.387298e+02 9.818065e+01 -7.750000e+00
      vertex   -1.393546e+02 9.714723e+01 0.000000e+00
      vertex   -1.387298e+02 9.818065e+01 0.000000e+00
    endloop
  endfacet
  facet normal -7.871835e-01 6.167189e-01 0.000000e+00
    outer loop
      vertex   -1.387298e+02 9.818065e+01 -7.750000e+00
      vertex   -1.387298e+02 9.818065e+01 0.000000e+00
      vertex   -1.379851e+02 9.913123e+01 -7.750000e+00
    endloop
  endfacet
  facet normal -7.871835e-01 6.167189e-01 0.000000e+00
    outer loop
      vertex   -1.379851e+02 9.913123e+01 -7.750000e+00
      vertex   -1.387298e+02 9.818065e+01 0.000000e+00
      vertex   -1.379851e+02 9.913123e+01 0.000000e+00
    endloop
  endfacet
  facet normal -7.071068e-01 7.071068e-01 0.000000e+00
    outer loop
      vertex   -1.379851e+02 9.913123e+01 -7.750000e+00
      vertex   -1.379851e+02 9.913123e+01 0.000000e+00
      vertex   -1.371312e+02 9.998511e+01 -7.750000e+00
    endloop
  endfacet
  facet normal -7.071068e-01 7.071068e-01 0.000000e+00
    outer loop
      vertex   -1.371312e+02 9.998511e+01 -7.750000e+00
      vertex   -1.379851e+02 9.913123e+01 0.000000e+00
      vertex   -1.371312e+02 9.998511e+01 0.000000e+00
    endloop
  endfacet
  facet normal -6.167189e-01 7.871835e-01 0.000000e+00
    outer loop
      vertex   -1.371312e+02 9.998511e+01 -7.750000e+00
      vertex   -1.371312e+02 9.998511e+01 0.000000e+00
      vertex   -1.361806e+02 1.007298e+02 -7.750000e+00
    endloop
  endfacet
  facet normal -6.167189e-01 7.871835e-01 0.000000e+00
    outer loop
      vertex   -1.361806e+02 1.007298e+02 -7.750000e+00
      vertex   -1.371312e+02 9.998511e+01 0.000000e+00
      vertex   -1.361806e+02 1.007298e+02 0.000000e+00
    endloop
  endfacet
  facet normal -5.173378e-01 8.557813e-01 0.000000e+00
    outer loop
      vertex   -1.361806e+02 1.007298e+02 -7.750000e+00
      vertex   -1.361806e+02 1.007298e+02 0.000000e+00
      vertex   -1.351472e+02 1.013546e+02 -7.750000e+00
    endloop
  endfacet
  facet normal -5.173378e-01 8.557813e-01 0.000000e+00
    outer loop
      vertex   -1.351472e+02 1.013546e+02 -7.750000e+00
      vertex   -1.361806e+02 1.007298e+02 0.000000e+00
      vertex   -1.351472e+02 1.013546e+02 0.000000e+00
    endloop
  endfacet
  facet normal -4.104128e-01 9.118998e-01 0.000000e+00
    outer loop
      vertex   -1.351472e+02 1.013546e+02 -7.750000e+00
      vertex   -1.351472e+02 1.013546e+02 0.000000e+00
      vertex   -1.340460e+02 1.018502e+02 -7.750000e+00
    endloop
  endfacet
  facet normal -4.104128e-01 9.118998e-01 0.000000e+00
    outer loop
      vertex   -1.340460e+02 1.018502e+02 -7.750000e+00
      vertex   -1.351472e+02 1.013546e+02 0.000000e+00
      vertex   -1.340460e+02 1.018502e+02 0.000000e+00
    endloop
  endfacet
  facet normal -2.975031e-01 9.547209e-01 0.000000e+00
    outer loop
      vertex   -1.340460e+02 1.018502e+02 -7.750000e+00
      vertex   -1.340460e+02 1.018502e+02 0.000000e+00
      vertex   -1.328932e+02 1.022094e+02 -7.750000e+00
    endloop
  endfacet
  facet normal -2.975031e-01 9.547209e-01 0.000000e+00
    outer loop
      vertex   -1.328932e+02 1.022094e+02 -7.750000e+00
      vertex   -1.340460e+02 1.018502e+02 0.000000e+00
      vertex   -1.328932e+02 1.022094e+02 0.000000e+00
    endloop
  endfacet
  facet normal -1.802550e-01 9.836199e-01 0.000000e+00
    outer loop
      vertex   -1.328932e+02 1.022094e+02 -7.750000e+00
      vertex   -1.328932e+02 1.022094e+02 0.000000e+00
      vertex   -1.317054e+02 1.024271e+02 -7.750000e+00
    endloop
  endfacet
  facet normal -1.802550e-01 9.836199e-01 0.000000e+00
    outer loop
      vertex   -1.317054e+02 1.024271e+02 -7.750000e+00
      vertex   -1.328932e+02 1.022094e+02 0.000000e+00
      vertex   -1.317054e+02 1.024271e+02 0.000000e+00
    endloop
  endfacet
  facet normal -6.037850e-02 9.981756e-01 0.000000e+00
    outer loop
      vertex   -1.317054e+02 1.024271e+02 -7.750000e+00
      vertex   -1.317054e+02 1.024271e+02 0.000000e+00
      vertex   -1.305000e+02 1.025000e+02 -7.750000e+00
    endloop
  endfacet
  facet normal -6.037850e-02 9.981756e-01 1.830313e-15
    outer loop
      vertex   -1.305000e+02 1.025000e+02 -7.750000e+00
      vertex   -1.317054e+02 1.024271e+02 0.000000e+00
      vertex   -1.305000e+02 1.025000e+02 0.000000e+00
    endloop
  endfacet
  facet normal -1.000000e+00 0.000000e+00 0.000000e+00
    outer loop
      vertex   -1.405000e+02 -1.055000e+02 0.000000e+00
      vertex   -1.405000e+02 9.250000e+01 0.000000e+00
      vertex   -1.405000e+02 -1.055000e+02 -7.750000e+00
    endloop
  endfacet
  facet normal -1.000000e+00 0.000000e+00 0.000000e+00
    outer loop
      vertex   -1.405000e+02 -1.055000e+02 -7.750000e+00
      vertex   -1.405000e+02 9.250000e+01 0.000000e+00
      vertex   -1.405000e+02 9.250000e+01 -7.750000e+00
    endloop
  endfacet
  facet normal -6.037850e-02 -9.981756e-01 0.000000e+00
    outer loop
      vertex   -1.305000e+02 -1.155000e+02 -7.750000e+00
      vertex   -1.305000e+02 -1.155000e+02 0.000000e+00
      vertex   -1.317054e+02 -1.154271e+02 -7.750000e+00
    endloop
  endfacet
  facet normal -6.037850e-02 -9.981756e-01 0.000000e+00
    outer loop
      vertex   -1.317054e+02 -1.154271e+02 -7.750000e+00
      vertex   -1.305000e+02 -1.155000e+02 0.000000e+00
      vertex   -1.317054e+02 -1.154271e+02 0.000000e+00
    endloop
  endfacet
  facet normal -1.802550e-01 -9.836199e-01 0.000000e+00
    outer loop
      vertex   -1.317054e+02 -1.154271e+02 -7.750000e+00
      vertex   -1.317054e+02 -1.154271e+02 0.000000e+00
      vertex   -1.328932e+02 -1.152094e+02 -7.750000e+00
    endloop
  endfacet
  facet normal -1.802550e-01 -9.836199e-01 -3.607246e-15
    outer loop
      vertex   -1.328932e+02 -1.152094e+02 -7.750000e+00
      vertex   -1.317054e+02 -1.154271e+02 0.000000e+00
      vertex   -1.328932e+02 -1.152094e+02 0.000000e+00
    endloop
  endfacet
  facet normal -2.975031e-01 -9.547209e-01 -3.501264e-15
    outer loop
      vertex   -1.328932e+02 -1.152094e+02 -7.750000e+00
      vertex   -1.328932e+02 -1.152094e+02 0.000000e+00
      vertex   -1.340460e+02 -1.148502e+02 -7.750000e+00
    endloop
  endfacet
  facet normal -2.975031e-01 -9.547209e-01 -3.501264e-15
    outer loop
      vertex   -1.340460e+02 -1.148502e+02 -7.750000e+00
      vertex   -1.328932e+02 -1.152094e+02 0.000000e+00
      vertex   -1.340460e+02 -1.148502e+02 0.000000e+00
    endloop
  endfacet
  facet normal -4.104128e-01 -9.118998e-01 -3.344226e-15
    outer loop
      vertex   -1.340460e+02 -1.148502e+02 -7.750000e+00
      vertex   -1.340460e+02 -1.148502e+02 0.000000e+00
      vertex   -1.351472e+02 -1.143546e+02 -7.750000e+00
    endloop
  endfacet
  facet normal -4.104128e-01 -9.118998e-01 -1.672113e-15
    outer loop
      vertex   -1.351472e+02 -1.143546e+02 -7.750000e+00
      vertex   -1.340460e+02 -1.148502e+02 0.000000e+00
      vertex   -1.351472e+02 -1.143546e+02 0.000000e+00
    endloop
  endfacet
  facet normal -5.173378e-01 -8.557813e-01 -1.569211e-15
    outer loop
      vertex   -1.351472e+02 -1.143546e+02 -7.750000e+00
      vertex   -1.351472e+02 -1.143546e+02 0.000000e+00
      vertex   -1.361806e+02 -1.137298e+02 -7.750000e+00
    endloop
  endfacet
  facet normal -5.173378e-01 -8.557813e-01 -5.035663e-15
    outer loop
      vertex   -1.361806e+02 -1.137298e+02 -7.750000e+00
      vertex   -1.351472e+02 -1.143546e+02 0.000000e+00
      vertex   -1.361806e+02 -1.137298e+02 0.000000e+00
    endloop
  endfacet
  facet normal -6.167189e-01 -7.871835e-01 -5.148555e-15
    outer loop
      vertex   -1.361806e+02 -1.137298e+02 -7.750000e+00
      vertex   -1.361806e+02 -1.137298e+02 0.000000e+00
      vertex   -1.371312e+02 -1.129851e+02 -7.750000e+00
    endloop
  endfacet
  facet normal -6.167189e-01 -7.871835e-01 -1.443426e-15
    outer loop
      vertex   -1.371312e+02 -1.129851e+02 -7.750000e+00
      vertex   -1.361806e+02 -1.137298e+02 0.000000e+00
      vertex   -1.371312e+02 -1.129851e+02 0.000000e+00
    endloop
  endfacet
  facet normal -7.071068e-01 -7.071068e-01 -1.296592e-15
    outer loop
      vertex   -1.371312e+02 -1.129851e+02 -7.750000e+00
      vertex   -1.371312e+02 -1.129851e+02 0.000000e+00
      vertex   -1.379851e+02 -1.121312e+02 -7.750000e+00
    endloop
  endfacet
  facet normal -7.071068e-01 -7.071068e-01 -1.296592e-15
    outer loop
      vertex   -1.379851e+02 -1.121312e+02 -7.750000e+00
      vertex   -1.371312e+02 -1.129851e+02 0.000000e+00
      vertex   -1.379851e+02 -1.121312e+02 0.000000e+00
    endloop
  endfacet
  facet normal -7.871835e-01 -6.167189e-01 -1.130852e-15
    outer loop
      vertex   -1.379851e+02 -1.121312e+02 -7.750000e+00
      vertex   -1.379851e+02 -1.121312e+02 0.000000e+00
      vertex   -1.387298e+02 -1.111806e+02 -7.750000e+00
    endloop
  endfacet
  facet normal -7.871835e-01 -6.167189e-01 -2.261704e-15
    outer loop
      vertex   -1.387298e+02 -1.111806e+02 -7.750000e+00
      vertex   -1.379851e+02 -1.121312e+02 0.000000e+00
      vertex   -1.387298e+02 -1.111806e+02 0.000000e+00
    endloop
  endfacet
  facet normal -8.557813e-01 -5.173378e-01 -1.897242e-15
    outer loop
      vertex   -1.387298e+02 -1.111806e+02 -7.750000e+00
      vertex   -1.387298e+02 -1.111806e+02 0.000000e+00
      vertex   -1.393546e+02 -1.101472e+02 -7.750000e+00
    endloop
  endfacet
  facet normal -8.557813e-01 -5.173378e-01 -4.087042e-15
    outer loop
      vertex   -1.393546e+02 -1.101472e+02 -7.750000e+00
      vertex   -1.387298e+02 -1.111806e+02 0.000000e+00
      vertex   -1.393546e+02 -1.101472e+02 0.000000e+00
    endloop
  endfacet
  facet normal -9.118998e-01 -4.104128e-01 -4.096783e-15
    outer loop
      vertex   -1.393546e+02 -1.101472e+02 -7.750000e+00
      vertex   -1.393546e+02 -1.101472e+02 0.000000e+00
      vertex   -1.398502e+02 -1.090460e+02 -7.750000e+00
    endloop
  endfacet
  facet normal -9.118998e-01 -4.104128e-01 -4.096783e-15
    outer loop
      vertex   -1.398502e+02 -1.090460e+02 -7.750000e+00
      vertex   -1.393546e+02 -1.101472e+02 0.000000e+00
      vertex   -1.398502e+02 -1.090460e+02 0.000000e+00
    endloop
  endfacet
  facet normal -9.547209e-01 -2.975031e-01 -4.046783e-15
    outer loop
      vertex   -1.398502e+02 -1.090460e+02 -7.750000e+00
      vertex   -1.398502e+02 -1.090460e+02 0.000000e+00
      vertex   -1.402094e+02 -1.078932e+02 -7.750000e+00
    endloop
  endfacet
  facet normal -9.547209e-01 -2.975031e-01 -4.046783e-15
    outer loop
      vertex   -1.402094e+02 -1.078932e+02 -7.750000e+00
      vertex   -1.398502e+02 -1.090460e+02 0.000000e+00
      vertex   -1.402094e+02 -1.078932e+02 0.000000e+00
    endloop
  endfacet
  facet normal -9.836199e-01 -1.802550e-01 -3.937773e-15
    outer loop
      vertex   -1.402094e+02 -1.078932e+02 -7.750000e+00
      vertex   -1.402094e+02 -1.078932e+02 0.000000e+00
      vertex   -1.404271e+02 -1.067054e+02 -7.750000e+00
    endloop
  endfacet
  facet normal -9.836199e-01 -1.802550e-01 -3.937773e-15
    outer loop
      vertex   -1.404271e+02 -1.067054e+02 -7.750000e+00
      vertex   -1.402094e+02 -1.078932e+02 0.000000e+00
      vertex   -1.404271e+02 -1.067054e+02 0.000000e+00
    endloop
  endfacet
  facet normal -9.981756e-01 -6.037850e-02 -3.771340e-15
    outer loop
      vertex   -1.404271e+02 -1.067054e+02 -7.750000e+00
      vertex   -1.404271e+02 -1.067054e+02 0.000000e+00
      vertex   -1.405000e+02 -1.055000e+02 -7.750000e+00
    endloop
  endfacet
  facet normal -9.981756e-01 -6.037850e-02 0.000000e+00
    outer loop
      vertex   -1.405000e+02 -1.055000e+02 -7.750000e+00
      vertex   -1.404271e+02 -1.067054e+02 0.000000e+00
      vertex   -1.405000e+02 -1.055000e+02 0.000000e+00
    endloop
  endfacet
  facet normal -6.986654e-17 -1.000000e+00 -2.562228e-31
    outer loop
      vertex   1.175000e+02 -1.155000e+02 -7.750000e+00
      vertex   1.175000e+02 -1.155000e+02 0.000000e+00
      vertex   -8.590000e+01 -1.155000e+02 -7.500000e-01
    endloop
  endfacet
  facet normal 0.000000e+00 -1.000000e+00 -1.894781e-14
    outer loop
      vertex   -8.590000e+01 -1.155000e+02 -7.500000e-01
      vertex   1.175000e+02 -1.155000e+02 0.000000e+00
      vertex   -1.305000e+02 -1.155000e+02 0.000000e+00
    endloop
  endfacet
  facet normal -0.000000e+00 -1.000000e+00 -1.894781e-14
    outer loop
      vertex   -8.590000e+01 -1.155000e+02 -7.500000e-01
      vertex   -1.305000e+02 -1.155000e+02 0.000000e+00
      vertex   -1.151000e+02 -1.155000e+02 -7.500000e-01
    endloop
  endfacet
  facet normal 9.227828e-16 -1.000000e+00 0.000000e+00
    outer loop
      vertex   -1.151000e+02 -1.155000e+02 -7.500000e-01
      vertex   -1.305000e+02 -1.155000e+02 0.000000e+00
      vertex   -1.305000e+02 -1.155000e+02 -7.750000e+00
    endloop
  endfacet
  facet normal 9.227828e-16 -1.000000e+00 0.000000e+00
    outer loop
      vertex   -1.151000e+02 -1.155000e+02 -7.500000e-01
      vertex   -1.305000e+02 -1.155000e+02 -7.750000e+00
      vertex   -1.151000e+02 -1.155000e+02 -7.750000e+00
    endloop
  endfacet
  facet normal -6.986654e-17 -1.000000e+00 -0.000000e+00
    outer loop
      vertex   -8.590000e+01 -1.155000e+02 -7.500000e-01
      vertex   -8.590000e+01 -1.155000e+02 -7.750000e+00
      vertex   1.175000e+02 -1.155000e+02 -7.750000e+00
    endloop
  endfacet
  facet normal 9.981756e-01 -6.037850e-02 0.000000e+00
    outer loop
      vertex   1.275000e+02 -1.055000e+02 -7.750000e+00
      vertex   1.275000e+02 -1.055000e+02 0.000000e+00
      vertex   1.274271e+02 -1.067054e+02 -7.750000e+00
    endloop
  endfacet
  facet normal 9.981756e-01 -6.037850e-02 1.830313e-15
    outer loop
      vertex   1.274271e+02 -1.067054e+02 -7.750000e+00
      vertex   1.275000e+02 -1.055000e+02 0.000000e+00
      vertex   1.274271e+02 -1.067054e+02 0.000000e+00
    endloop
  endfacet
  facet normal 9.836199e-01 -1.802550e-01 1.803623e-15
    outer loop
      vertex   1.274271e+02 -1.067054e+02 -7.750000e+00
      vertex   1.274271e+02 -1.067054e+02 0.000000e+00
      vertex   1.272094e+02 -1.078932e+02 -7.750000e+00
    endloop
  endfacet
  facet normal 9.836199e-01 -1.802550e-01 0.000000e+00
    outer loop
      vertex   1.272094e+02 -1.078932e+02 -7.750000e+00
      vertex   1.274271e+02 -1.067054e+02 0.000000e+00
      vertex   1.272094e+02 -1.078932e+02 0.000000e+00
    endloop
  endfacet
  facet normal 9.547209e-01 -2.975031e-01 0.000000e+00
    outer loop
      vertex   1.272094e+02 -1.078932e+02 -7.750000e+00
      vertex   1.272094e+02 -1.078932e+02 0.000000e+00
      vertex   1.268502e+02 -1.090460e+02 -7.750000e+00
    endloop
  endfacet
  facet normal 9.547209e-01 -2.975031e-01 1.750632e-15
    outer loop
      vertex   1.268502e+02 -1.090460e+02 -7.750000e+00
      vertex   1.272094e+02 -1.078932e+02 0.000000e+00
      vertex   1.268502e+02 -1.090460e+02 0.000000e+00
    endloop
  endfacet
  facet normal 9.118998e-01 -4.104128e-01 1.672113e-15
    outer loop
      vertex   1.268502e+02 -1.090460e+02 -7.750000e+00
      vertex   1.268502e+02 -1.090460e+02 0.000000e+00
      vertex   1.263546e+02 -1.101472e+02 -7.750000e+00
    endloop
  endfacet
  facet normal 9.118998e-01 -4.104128e-01 1.672113e-15
    outer loop
      vertex   1.263546e+02 -1.101472e+02 -7.750000e+00
      vertex   1.268502e+02 -1.090460e+02 0.000000e+00
      vertex   1.263546e+02 -1.101472e+02 0.000000e+00
    endloop
  endfacet
  facet normal 8.557813e-01 -5.173378e-01 1.569211e-15
    outer loop
      vertex   1.263546e+02 -1.101472e+02 -7.750000e+00
      vertex   1.263546e+02 -1.101472e+02 0.000000e+00
      vertex   1.257298e+02 -1.111806e+02 -7.750000e+00
    endloop
  endfacet
  facet normal 8.557813e-01 -5.173378e-01 0.000000e+00
    outer loop
      vertex   1.257298e+02 -1.111806e+02 -7.750000e+00
      vertex   1.263546e+02 -1.101472e+02 0.000000e+00
      vertex   1.257298e+02 -1.111806e+02 0.000000e+00
    endloop
  endfacet
  facet normal 7.871835e-01 -6.167189e-01 0.000000e+00
    outer loop
      vertex   1.257298e+02 -1.111806e+02 -7.750000e+00
      vertex   1.257298e+02 -1.111806e+02 0.000000e+00
      vertex   1.249851e+02 -1.121312e+02 -7.750000e+00
    endloop
  endfacet
  facet normal 7.871835e-01 -6.167189e-01 0.000000e+00
    outer loop
      vertex   1.249851e+02 -1.121312e+02 -7.750000e+00
      vertex   1.257298e+02 -1.111806e+02 0.000000e+00
      vertex   1.249851e+02 -1.121312e+02 0.000000e+00
    endloop
  endfacet
  facet normal 7.071068e-01 -7.071068e-01 0.000000e+00
    outer loop
      vertex   1.249851e+02 -1.121312e+02 -7.750000e+00
      vertex   1.249851e+02 -1.121312e+02 0.000000e+00
      vertex   1.241312e+02 -1.129851e+02 -7.750000e+00
    endloop
  endfacet
  facet normal 7.071068e-01 -7.071068e-01 0.000000e+00
    outer loop
      vertex   1.241312e+02 -1.129851e+02 -7.750000e+00
      vertex   1.249851e+02 -1.121312e+02 0.000000e+00
      vertex   1.241312e+02 -1.129851e+02 0.000000e+00
    endloop
  endfacet
  facet normal 6.167189e-01 -7.871835e-01 0.000000e+00
    outer loop
      vertex   1.241312e+02 -1.129851e+02 -7.750000e+00
      vertex   1.241312e+02 -1.129851e+02 0.000000e+00
      vertex   1.231806e+02 -1.137298e+02 -7.750000e+00
    endloop
  endfacet
  facet normal 6.167189e-01 -7.871835e-01 1.130852e-15
    outer loop
      vertex   1.231806e+02 -1.137298e+02 -7.750000e+00
      vertex   1.241312e+02 -1.129851e+02 0.000000e+00
      vertex   1.231806e+02 -1.137298e+02 0.000000e+00
    endloop
  endfacet
  facet normal 5.173378e-01 -8.557813e-01 9.486210e-16
    outer loop
      vertex   1.231806e+02 -1.137298e+02 -7.750000e+00
      vertex   1.231806e+02 -1.137298e+02 0.000000e+00
      vertex   1.221472e+02 -1.143546e+02 -7.750000e+00
    endloop
  endfacet
  facet normal 5.173378e-01 -8.557813e-01 -1.569211e-15
    outer loop
      vertex   1.221472e+02 -1.143546e+02 -7.750000e+00
      vertex   1.231806e+02 -1.137298e+02 0.000000e+00
      vertex   1.221472e+02 -1.143546e+02 0.000000e+00
    endloop
  endfacet
  facet normal 4.104128e-01 -9.118998e-01 -1.672113e-15
    outer loop
      vertex   1.221472e+02 -1.143546e+02 -7.750000e+00
      vertex   1.221472e+02 -1.143546e+02 0.000000e+00
      vertex   1.210460e+02 -1.148502e+02 -7.750000e+00
    endloop
  endfacet
  facet normal 4.104128e-01 -9.118998e-01 1.505114e-15
    outer loop
      vertex   1.210460e+02 -1.148502e+02 -7.750000e+00
      vertex   1.221472e+02 -1.143546e+02 0.000000e+00
      vertex   1.210460e+02 -1.148502e+02 0.000000e+00
    endloop
  endfacet
  facet normal 2.975031e-01 -9.547209e-01 1.091038e-15
    outer loop
      vertex   1.210460e+02 -1.148502e+02 -7.750000e+00
      vertex   1.210460e+02 -1.148502e+02 0.000000e+00
      vertex   1.198932e+02 -1.152094e+02 -7.750000e+00
    endloop
  endfacet
  facet normal 2.975031e-01 -9.547209e-01 5.455191e-16
    outer loop
      vertex   1.198932e+02 -1.152094e+02 -7.750000e+00
      vertex   1.210460e+02 -1.148502e+02 0.000000e+00
      vertex   1.198932e+02 -1.152094e+02 0.000000e+00
    endloop
  endfacet
  facet normal 1.802550e-01 -9.836199e-01 3.305262e-16
    outer loop
      vertex   1.198932e+02 -1.152094e+02 -7.750000e+00
      vertex   1.198932e+02 -1.152094e+02 0.000000e+00
      vertex   1.187054e+02 -1.154271e+02 -7.750000e+00
    endloop
  endfacet
  facet normal 1.802550e-01 -9.836199e-01 -1.473097e-15
    outer loop
      vertex   1.187054e+02 -1.154271e+02 -7.750000e+00
      vertex   1.198932e+02 -1.152094e+02 0.000000e+00
      vertex   1.187054e+02 -1.154271e+02 0.000000e+00
    endloop
  endfacet
  facet normal 6.037850e-02 -9.981756e-01 -1.719600e-15
    outer loop
      vertex   1.187054e+02 -1.154271e+02 -7.750000e+00
      vertex   1.187054e+02 -1.154271e+02 0.000000e+00
      vertex   1.175000e+02 -1.155000e+02 -7.750000e+00
    endloop
  endfacet
  facet normal 6.037850e-02 -9.981756e-01 2.214271e-16
    outer loop
      vertex   1.175000e+02 -1.155000e+02 -7.750000e+00
      vertex   1.187054e+02 -1.154271e+02 0.000000e+00
      vertex   1.175000e+02 -1.155000e+02 0.000000e+00
    endloop
  endfacet
  facet normal 1.000000e+00 -7.177199e-17 1.833659e-15
    outer loop
      vertex   1.275000e+02 9.250000e+01 0.000000e+00
      vertex   1.275000e+02 -1.055000e+02 0.000000e+00
      vertex   1.275000e+02 9.250000e+01 -7.750000e+00
    endloop
  endfacet
  facet normal 1.000000e+00 -1.435440e-16 0.000000e+00
    outer loop
      vertex   1.275000e+02 9.250000e+01 -7.750000e+00
      vertex   1.275000e+02 -1.055000e+02 0.000000e+00
      vertex   1.275000e+02 -1.055000e+02 -7.750000e+00
    endloop
  endfacet
  facet normal 6.037850e-02 9.981756e-01 1.941027e-15
    outer loop
      vertex   1.175000e+02 1.025000e+02 -7.750000e+00
      vertex   1.175000e+02 1.025000e+02 0.000000e+00
      vertex   1.187054e+02 1.024271e+02 -7.750000e+00
    endloop
  endfacet
  facet normal 6.037850e-02 9.981756e-01 -0.000000e+00
    outer loop
      vertex   1.187054e+02 1.024271e+02 -7.750000e+00
      vertex   1.175000e+02 1.025000e+02 0.000000e+00
      vertex   1.187054e+02 1.024271e+02 0.000000e+00
    endloop
  endfacet
  facet normal 1.802550e-01 9.836199e-01 -0.000000e+00
    outer loop
      vertex   1.187054e+02 1.024271e+02 -7.750000e+00
      vertex   1.187054e+02 1.024271e+02 0.000000e+00
      vertex   1.198932e+02 1.022094e+02 -7.750000e+00
    endloop
  endfacet
  facet normal 1.802550e-01 9.836199e-01 -0.000000e+00
    outer loop
      vertex   1.198932e+02 1.022094e+02 -7.750000e+00
      vertex   1.187054e+02 1.024271e+02 0.000000e+00
      vertex   1.198932e+02 1.022094e+02 0.000000e+00
    endloop
  endfacet
  facet normal 2.975031e-01 9.547209e-01 -0.000000e+00
    outer loop
      vertex   1.198932e+02 1.022094e+02 -7.750000e+00
      vertex   1.198932e+02 1.022094e+02 0.000000e+00
      vertex   1.210460e+02 1.018502e+02 -7.750000e+00
    endloop
  endfacet
  facet normal 2.975031e-01 9.547209e-01 -1.750632e-15
    outer loop
      vertex   1.210460e+02 1.018502e+02 -7.750000e+00
      vertex   1.198932e+02 1.022094e+02 0.000000e+00
      vertex   1.210460e+02 1.018502e+02 0.000000e+00
    endloop
  endfacet
  facet normal 4.104128e-01 9.118998e-01 -1.672113e-15
    outer loop
      vertex   1.210460e+02 1.018502e+02 -7.750000e+00
      vertex   1.210460e+02 1.018502e+02 0.000000e+00
      vertex   1.221472e+02 1.013546e+02 -7.750000e+00
    endloop
  endfacet
  facet normal 4.104128e-01 9.118998e-01 -3.344226e-15
    outer loop
      vertex   1.221472e+02 1.013546e+02 -7.750000e+00
      vertex   1.210460e+02 1.018502e+02 0.000000e+00
      vertex   1.221472e+02 1.013546e+02 0.000000e+00
    endloop
  endfacet
  facet normal 5.173378e-01 8.557813e-01 -3.138422e-15
    outer loop
      vertex   1.221472e+02 1.013546e+02 -7.750000e+00
      vertex   1.221472e+02 1.013546e+02 0.000000e+00
      vertex   1.231806e+02 1.007298e+02 -7.750000e+00
    endloop
  endfacet
  facet normal 5.173378e-01 8.557813e-01 1.569211e-15
    outer loop
      vertex   1.231806e+02 1.007298e+02 -7.750000e+00
      vertex   1.221472e+02 1.013546e+02 0.000000e+00
      vertex   1.231806e+02 1.007298e+02 0.000000e+00
    endloop
  endfacet
  facet normal 6.167189e-01 7.871835e-01 1.443426e-15
    outer loop
      vertex   1.231806e+02 1.007298e+02 -7.750000e+00
      vertex   1.231806e+02 1.007298e+02 0.000000e+00
      vertex   1.241312e+02 9.998511e+01 -7.750000e+00
    endloop
  endfacet
  facet normal 6.167189e-01 7.871835e-01 -1.130852e-15
    outer loop
      vertex   1.241312e+02 9.998511e+01 -7.750000e+00
      vertex   1.231806e+02 1.007298e+02 0.000000e+00
      vertex   1.241312e+02 9.998511e+01 0.000000e+00
    endloop
  endfacet
  facet normal 7.071068e-01 7.071068e-01 -1.296592e-15
    outer loop
      vertex   1.241312e+02 9.998511e+01 -7.750000e+00
      vertex   1.241312e+02 9.998511e+01 0.000000e+00
      vertex   1.249851e+02 9.913123e+01 -7.750000e+00
    endloop
  endfacet
  facet normal 7.071068e-01 7.071068e-01 1.296592e-15
    outer loop
      vertex   1.249851e+02 9.913123e+01 -7.750000e+00
      vertex   1.241312e+02 9.998511e+01 0.000000e+00
      vertex   1.249851e+02 9.913123e+01 0.000000e+00
    endloop
  endfacet
  facet normal 7.871835e-01 6.167189e-01 1.130852e-15
    outer loop
      vertex   1.249851e+02 9.913123e+01 -7.750000e+00
      vertex   1.249851e+02 9.913123e+01 0.000000e+00
      vertex   1.257298e+02 9.818065e+01 -7.750000e+00
    endloop
  endfacet
  facet normal 7.871835e-01 6.167189e-01 -1.443426e-15
    outer loop
      vertex   1.257298e+02 9.818065e+01 -7.750000e+00
      vertex   1.249851e+02 9.913123e+01 0.000000e+00
      vertex   1.257298e+02 9.818065e+01 0.000000e+00
    endloop
  endfacet
  facet normal 8.557813e-01 5.173378e-01 -1.569211e-15
    outer loop
      vertex   1.257298e+02 9.818065e+01 -7.750000e+00
      vertex   1.257298e+02 9.818065e+01 0.000000e+00
      vertex   1.263546e+02 9.714723e+01 -7.750000e+00
    endloop
  endfacet
  facet normal 8.557813e-01 5.173378e-01 1.569211e-15
    outer loop
      vertex   1.263546e+02 9.714723e+01 -7.750000e+00
      vertex   1.257298e+02 9.818065e+01 0.000000e+00
      vertex   1.263546e+02 9.714723e+01 0.000000e+00
    endloop
  endfacet
  facet normal 9.118998e-01 4.104128e-01 1.672113e-15
    outer loop
      vertex   1.263546e+02 9.714723e+01 -7.750000e+00
      vertex   1.263546e+02 9.714723e+01 0.000000e+00
      vertex   1.268502e+02 9.604605e+01 -7.750000e+00
    endloop
  endfacet
  facet normal 9.118998e-01 4.104128e-01 3.344226e-15
    outer loop
      vertex   1.268502e+02 9.604605e+01 -7.750000e+00
      vertex   1.263546e+02 9.714723e+01 0.000000e+00
      vertex   1.268502e+02 9.604605e+01 0.000000e+00
    endloop
  endfacet
  facet normal 9.547209e-01 2.975031e-01 3.501264e-15
    outer loop
      vertex   1.268502e+02 9.604605e+01 -7.750000e+00
      vertex   1.268502e+02 9.604605e+01 0.000000e+00
      vertex   1.272094e+02 9.489316e+01 -7.750000e+00
    endloop
  endfacet
  facet normal 9.547209e-01 2.975031e-01 -0.000000e+00
    outer loop
      vertex   1.272094e+02 9.489316e+01 -7.750000e+00
      vertex   1.268502e+02 9.604605e+01 0.000000e+00
      vertex   1.272094e+02 9.489316e+01 0.000000e+00
    endloop
  endfacet
  facet normal 9.836199e-01 1.802550e-01 -0.000000e+00
    outer loop
      vertex   1.272094e+02 9.489316e+01 -7.750000e+00
      vertex   1.272094e+02 9.489316e+01 0.000000e+00
      vertex   1.274271e+02 9.370537e+01 -7.750000e+00
    endloop
  endfacet
  facet normal 9.836199e-01 1.802550e-01 -0.000000e+00
    outer loop
      vertex   1.274271e+02 9.370537e+01 -7.750000e+00
      vertex   1.272094e+02 9.489316e+01 0.000000e+00
      vertex   1.274271e+02 9.370537e+01 0.000000e+00
    endloop
  endfacet
  facet normal 9.981756e-01 6.037850e-02 -0.000000e+00
    outer loop
      vertex   1.274271e+02 9.370537e+01 -7.750000e+00
      vertex   1.274271e+02 9.370537e+01 0.000000e+00
      vertex   1.275000e+02 9.250000e+01 -7.750000e+00
    endloop
  endfacet
  facet normal 9.981756e-01 6.037850e-02 1.941027e-15
    outer loop
      vertex   1.275000e+02 9.250000e+01 -7.750000e+00
      vertex   1.274271e+02 9.370537e+01 0.000000e+00
      vertex   1.275000e+02 9.250000e+01 0.000000e+00
    endloop
  endfacet
  facet normal 0.000000e+00 0.000000e+00 1.000000e+00
    outer loop
      vertex   1.274271e+02 9.370537e+01 0.000000e+00
      vertex   1.175000e+02 1.025000e+02 0.000000e+00
      vertex   1.275000e+02 9.250000e+01 0.000000e+00
    endloop
  endfacet
  facet normal 0.000000e+00 0.000000e+00 1.000000e+00
    outer loop
      vertex   1.275000e+02 9.250000e+01 0.000000e+00
      vertex   1.175000e+02 1.025000e+02 0.000000e+00
      vertex   -1.305000e+02 1.025000e+02 0.000000e+00
    endloop
  endfacet
  facet normal 0.000000e+00 0.000000e+00 1.000000e+00
    outer loop
      vertex   1.275000e+02 9.250000e+01 0.000000e+00
      vertex   -1.305000e+02 1.025000e+02 0.000000e+00
      vertex   -1.405000e+02 9.250000e+01 0.000000e+00
    endloop
  endfacet
  facet normal 0.000000e+00 0.000000e+00 1.000000e+00
    outer loop
      vertex   -1.405000e+02 9.250000e+01 0.000000e+00
      vertex   -1.305000e+02 1.025000e+02 0.000000e+00
      vertex   -1.404271e+02 9.370537e+01 0.000000e+00
    endloop
  endfacet
  facet normal 0.000000e+00 0.000000e+00 1.000000e+00
    outer loop
      vertex   -1.404271e+02 9.370537e+01 0.000000e+00
      vertex   -1.305000e+02 1.025000e+02 0.000000e+00
      vertex   -1.402094e+02 9.489316e+01 0.000000e+00
    endloop
  endfacet
  facet normal 0.000000e+00 0.000000e+00 1.000000e+00
    outer loop
      vertex   -1.402094e+02 9.489316e+01 0.000000e+00
      vertex   -1.305000e+02 1.025000e+02 0.000000e+00
      vertex   -1.398502e+02 9.604605e+01 0.000000e+00
    endloop
  endfacet
  facet normal 0.000000e+00 0.000000e+00 1.000000e+00
    outer loop
      vertex   -1.398502e+02 9.604605e+01 0.000000e+00
      vertex   -1.305000e+02 1.025000e+02 0.000000e+00
      vertex   -1.393546e+02 9.714723e+01 0.000000e+00
    endloop
  endfacet
  facet normal 0.000000e+00 0.000000e+00 1.000000e+00
    outer loop
      vertex   -1.393546e+02 9.714723e+01 0.000000e+00
      vertex   -1.305000e+02 1.025000e+02 0.000000e+00
      vertex   -1.387298e+02 9.818065e+01 0.000000e+00
    endloop
  endfacet
  facet normal 0.000000e+00 0.000000e+00 1.000000e+00
    outer loop
      vertex   -1.387298e+02 9.818065e+01 0.000000e+00
      vertex   -1.305000e+02 1.025000e+02 0.000000e+00
      vertex   -1.379851e+02 9.913123e+01 0.000000e+00
    endloop
  endfacet
  facet normal 0.000000e+00 0.000000e+00 1.000000e+00
    outer loop
      vertex   -1.379851e+02 9.913123e+01 0.000000e+00
      vertex   -1.305000e+02 1.025000e+02 0.000000e+00
      vertex   -1.371312e+02 9.998511e+01 0.000000e+00
    endloop
  endfacet
  facet normal 0.000000e+00 0.000000e+00 1.000000e+00
    outer loop
      vertex   -1.371312e+02 9.998511e+01 0.000000e+00
      vertex   -1.305000e+02 1.025000e+02 0.000000e+00
      vertex   -1.361806e+02 1.007298e+02 0.000000e+00
    endloop
  endfacet
  facet normal 0.000000e+00 0.000000e+00 1.000000e+00
    outer loop
      vertex   -1.361806e+02 1.007298e+02 0.000000e+00
      vertex   -1.305000e+02 1.025000e+02 0.000000e+00
      vertex   -1.351472e+02 1.013546e+02 0.000000e+00
    endloop
  endfacet
  facet normal 0.000000e+00 0.000000e+00 1.000000e+00
    outer loop
      vertex   -1.351472e+02 1.013546e+02 0.000000e+00
      vertex   -1.305000e+02 1.025000e+02 0.000000e+00
      vertex   -1.340460e+02 1.018502e+02 0.000000e+00
    endloop
  endfacet
  facet normal 0.000000e+00 0.000000e+00 1.000000e+00
    outer loop
      vertex   -1.340460e+02 1.018502e+02 0.000000e+00
      vertex   -1.305000e+02 1.025000e+02 0.000000e+00
      vertex   -1.328932e+02 1.022094e+02 0.000000e+00
    endloop
  endfacet
  facet normal 0.000000e+00 0.000000e+00 1.000000e+00
    outer loop
      vertex   -1.328932e+02 1.022094e+02 0.000000e+00
      vertex   -1.305000e+02 1.025000e+02 0.000000e+00
      vertex   -1.317054e+02 1.024271e+02 0.000000e+00
    endloop
  endfacet
  facet normal 0.000000e+00 0.000000e+00 1.000000e+00
    outer loop
      vertex   1.274271e+02 9.370537e+01 0.000000e+00
      vertex   1.272094e+02 9.489316e+01 0.000000e+00
      vertex   1.175000e+02 1.025000e+02 0.000000e+00
    endloop
  endfacet
  facet normal 0.000000e+00 0.000000e+00 1.000000e+00
    outer loop
      vertex   1.175000e+02 1.025000e+02 0.000000e+00
      vertex   1.272094e+02 9.489316e+01 0.000000e+00
      vertex   1.268502e+02 9.604605e+01 0.000000e+00
    endloop
  endfacet
  facet normal 0.000000e+00 0.000000e+00 1.000000e+00
    outer loop
      vertex   1.175000e+02 1.025000e+02 0.000000e+00
      vertex   1.268502e+02 9.604605e+01 0.000000e+00
      vertex   1.263546e+02 9.714723e+01 0.000000e+00
    endloop
  endfacet
  facet normal 0.000000e+00 0.000000e+00 1.000000e+00
    outer loop
      vertex   1.263546e+02 9.714723e+01 0.000000e+00
      vertex   1.257298e+02 9.818065e+01 0.000000e+00
      vertex   1.175000e+02 1.025000e+02 0.000000e+00
    endloop
  endfacet
  facet normal 0.000000e+00 0.000000e+00 1.000000e+00
    outer loop
      vertex   1.175000e+02 1.025000e+02 0.000000e+00
      vertex   1.257298e+02 9.818065e+01 0.000000e+00
      vertex   1.249851e+02 9.913123e+01 0.000000e+00
    endloop
  endfacet
  facet normal 0.000000e+00 0.000000e+00 1.000000e+00
    outer loop
      vertex   1.175000e+02 1.025000e+02 0.000000e+00
      vertex   1.249851e+02 9.913123e+01 0.000000e+00
      vertex   1.241312e+02 9.998511e+01 0.000000e+00
    endloop
  endfacet
  facet normal 0.000000e+00 0.000000e+00 1.000000e+00
    outer loop
      vertex   1.241312e+02 9.998511e+01 0.000000e+00
      vertex   1.231806e+02 1.007298e+02 0.000000e+00
      vertex   1.175000e+02 1.025000e+02 0.000000e+00
    endloop
  endfacet
  facet normal 0.000000e+00 0.000000e+00 1.000000e+00
    outer loop
      vertex   1.175000e+02 1.025000e+02 0.000000e+00
      vertex   1.231806e+02 1.007298e+02 0.000000e+00
      vertex   1.221472e+02 1.013546e+02 0.000000e+00
    endloop
  endfacet
  facet normal 0.000000e+00 0.000000e+00 1.000000e+00
    outer loop
      vertex   1.175000e+02 1.025000e+02 0.000000e+00
      vertex   1.221472e+02 1.013546e+02 0.000000e+00
      vertex   1.210460e+02 1.018502e+02 0.000000e+00
    endloop
  endfacet
  facet normal 0.000000e+00 0.000000e+00 1.000000e+00
    outer loop
      vertex   1.210460e+02 1.018502e+02 0.000000e+00
      vertex   1.198932e+02 1.022094e+02 0.000000e+00
      vertex   1.175000e+02 1.025000e+02 0.000000e+00
    endloop
  endfacet
  facet normal 0.000000e+00 0.000000e+00 1.000000e+00
    outer loop
      vertex   1.175000e+02 1.025000e+02 0.000000e+00
      vertex   1.198932e+02 1.022094e+02 0.000000e+00
      vertex   1.187054e+02 1.024271e+02 0.000000e+00
    endloop
  endfacet
  facet normal 0.000000e+00 0.000000e+00 1.000000e+00
    outer loop
      vertex   1.275000e+02 9.250000e+01 0.000000e+00
      vertex   -1.405000e+02 9.250000e+01 0.000000e+00
      vertex   1.275000e+02 -1.055000e+02 0.000000e+00
    endloop
  endfacet
  facet normal 0.000000e+00 0.000000e+00 1.000000e+00
    outer loop
      vertex   1.275000e+02 -1.055000e+02 0.000000e+00
      vertex   -1.405000e+02 9.250000e+01 0.000000e+00
      vertex   -1.405000e+02 -1.055000e+02 0.000000e+00
    endloop
  endfacet
  facet normal 0.000000e+00 0.000000e+00 1.000000e+00
    outer loop
      vertex   1.275000e+02 -1.055000e+02 0.000000e+00
      vertex   -1.405000e+02 -1.055000e+02 0.000000e+00
      vertex   1.187054e+02 -1.154271e+02 0.000000e+00
    endloop
  endfacet
  facet normal 0.000000e+00 0.000000e+00 1.000000e+00
    outer loop
      vertex   1.187054e+02 -1.154271e+02 0.000000e+00
      vertex   -1.405000e+02 -1.055000e+02 0.000000e+00
      vertex   -1.317054e+02 -1.154271e+02 0.000000e+00
    endloop
  endfacet
  facet normal 0.000000e+00 0.000000e+00 1.000000e+00
    outer loop
      vertex   1.187054e+02 -1.154271e+02 0.000000e+00
      vertex   -1.317054e+02 -1.154271e+02 0.000000e+00
      vertex   1.175000e+02 -1.155000e+02 0.000000e+00
    endloop
  endfacet
  facet normal 0.000000e+00 0.000000e+00 1.000000e+00
    outer loop
      vertex   1.175000e+02 -1.155000e+02 0.000000e+00
      vertex   -1.317054e+02 -1.154271e+02 0.000000e+00
      vertex   -1.305000e+02 -1.155000e+02 0.000000e+00
    endloop
  endfacet
  facet normal 0.000000e+00 0.000000e+00 1.000000e+00
    outer loop
      vertex   -1.405000e+02 -1.055000e+02 0.000000e+00
      vertex   -1.404271e+02 -1.067054e+02 0.000000e+00
      vertex   -1.317054e+02 -1.154271e+02 0.000000e+00
    endloop
  endfacet
  facet normal 0.000000e+00 0.000000e+00 1.000000e+00
    outer loop
      vertex   -1.317054e+02 -1.154271e+02 0.000000e+00
      vertex   -1.404271e+02 -1.067054e+02 0.000000e+00
      vertex   -1.402094e+02 -1.078932e+02 0.000000e+00
    endloop
  endfacet
  facet normal 0.000000e+00 0.000000e+00 1.000000e+00
    outer loop
      vertex   -1.317054e+02 -1.154271e+02 0.000000e+00
      vertex   -1.402094e+02 -1.078932e+02 0.000000e+00
      vertex   -1.398502e+02 -1.090460e+02 0.000000e+00
    endloop
  endfacet
  facet normal 0.000000e+00 0.000000e+00 1.000000e+00
    outer loop
      vertex   -1.398502e+02 -1.090460e+02 0.000000e+00
      vertex   -1.393546e+02 -1.101472e+02 0.000000e+00
      vertex   -1.317054e+02 -1.154271e+02 0.000000e+00
    endloop
  endfacet
  facet normal 0.000000e+00 0.000000e+00 1.000000e+00
    outer loop
      vertex   -1.317054e+02 -1.154271e+02 0.000000e+00
      vertex   -1.393546e+02 -1.101472e+02 0.000000e+00
      vertex   -1.387298e+02 -1.111806e+02 0.000000e+00
    endloop
  endfacet
  facet normal 0.000000e+00 0.000000e+00 1.000000e+00
    outer loop
      vertex   -1.317054e+02 -1.154271e+02 0.000000e+00
      vertex   -1.387298e+02 -1.111806e+02 0.000000e+00
      vertex   -1.379851e+02 -1.121312e+02 0.000000e+00
    endloop
  endfacet
  facet normal 0.000000e+00 0.000000e+00 1.000000e+00
    outer loop
      vertex   -1.379851e+02 -1.121312e+02 0.000000e+00
      vertex   -1.371312e+02 -1.129851e+02 0.000000e+00
      vertex   -1.317054e+02 -1.154271e+02 0.000000e+00
    endloop
  endfacet
  facet normal 0.000000e+00 0.000000e+00 1.000000e+00
    outer loop
      vertex   -1.317054e+02 -1.154271e+02 0.000000e+00
      vertex   -1.371312e+02 -1.129851e+02 0.000000e+00
      vertex   -1.361806e+02 -1.137298e+02 0.000000e+00
    endloop
  endfacet
  facet normal 0.000000e+00 0.000000e+00 1.000000e+00
    outer loop
      vertex   -1.317054e+02 -1.154271e+02 0.000000e+00
      vertex   -1.361806e+02 -1.137298e+02 0.000000e+00
      vertex   -1.351472e+02 -1.143546e+02 0.000000e+00
    endloop
  endfacet
  facet normal 0.000000e+00 0.000000e+00 1.000000e+00
    outer loop
      vertex   -1.351472e+02 -1.143546e+02 0.000000e+00
      vertex   -1.340460e+02 -1.148502e+02 0.000000e+00
      vertex   -1.317054e+02 -1.154271e+02 0.000000e+00
    endloop
  endfacet
  facet normal 0.000000e+00 0.000000e+00 1.000000e+00
    outer loop
      vertex   -1.317054e+02 -1.154271e+02 0.000000e+00
      vertex   -1.340460e+02 -1.148502e+02 0.000000e+00
      vertex   -1.328932e+02 -1.152094e+02 0.000000e+00
    endloop
  endfacet
  facet normal 0.000000e+00 -0.000000e+00 1.000000e+00
    outer loop
      vertex   1.198932e+02 -1.152094e+02 0.000000e+00
      vertex   1.210460e+02 -1.148502e+02 0.000000e+00
      vertex   1.187054e+02 -1.154271e+02 0.000000e+00
    endloop
  endfacet
  facet normal 0.000000e+00 0.000000e+00 1.000000e+00
    outer loop
      vertex   1.187054e+02 -1.154271e+02 0.000000e+00
      vertex   1.210460e+02 -1.148502e+02 0.000000e+00
      vertex   1.221472e+02 -1.143546e+02 0.000000e+00
    endloop
  endfacet
  facet normal 0.000000e+00 0.000000e+00 1.000000e+00
    outer loop
      vertex   1.187054e+02 -1.154271e+02 0.000000e+00
      vertex   1.221472e+02 -1.143546e+02 0.000000e+00
      vertex   1.231806e+02 -1.137298e+02 0.000000e+00
    endloop
  endfacet
  facet normal 0.000000e+00 -0.000000e+00 1.000000e+00
    outer loop
      vertex   1.231806e+02 -1.137298e+02 0.000000e+00
      vertex   1.241312e+02 -1.129851e+02 0.000000e+00
      vertex   1.187054e+02 -1.154271e+02 0.000000e+00
    endloop
  endfacet
  facet normal 0.000000e+00 0.000000e+00 1.000000e+00
    outer loop
      vertex   1.187054e+02 -1.154271e+02 0.000000e+00
      vertex   1.241312e+02 -1.129851e+02 0.000000e+00
      vertex   1.249851e+02 -1.121312e+02 0.000000e+00
    endloop
  endfacet
  facet normal 0.000000e+00 0.000000e+00 1.000000e+00
    outer loop
      vertex   1.187054e+02 -1.154271e+02 0.000000e+00
      vertex   1.249851e+02 -1.121312e+02 0.000000e+00
      vertex   1.257298e+02 -1.111806e+02 0.000000e+00
    endloop
  endfacet
  facet normal 0.000000e+00 -0.000000e+00 1.000000e+00
    outer loop
      vertex   1.257298e+02 -1.111806e+02 0.000000e+00
      vertex   1.263546e+02 -1.101472e+02 0.000000e+00
      vertex   1.187054e+02 -1.154271e+02 0.000000e+00
    endloop
  endfacet
  facet normal 0.000000e+00 0.000000e+00 1.000000e+00
    outer loop
      vertex   1.187054e+02 -1.154271e+02 0.000000e+00
      vertex   1.263546e+02 -1.101472e+02 0.000000e+00
      vertex   1.268502e+02 -1.090460e+02 0.000000e+00
    endloop
  endfacet
  facet normal 0.000000e+00 0.000000e+00 1.000000e+00
    outer loop
      vertex   1.187054e+02 -1.154271e+02 0.000000e+00
      vertex   1.268502e+02 -1.090460e+02 0.000000e+00
      vertex   1.272094e+02 -1.078932e+02 0.000000e+00
    endloop
  endfacet
  facet normal 0.000000e+00 -0.000000e+00 1.000000e+00
    outer loop
      vertex   1.272094e+02 -1.078932e+02 0.000000e+00
      vertex   1.274271e+02 -1.067054e+02 0.000000e+00
      vertex   1.187054e+02 -1.154271e+02 0.000000e+00
    endloop
  endfacet
  facet normal 0.000000e+00 0.000000e+00 1.000000e+00
    outer loop
      vertex   1.187054e+02 -1.154271e+02 0.000000e+00
      vertex   1.274271e+02 -1.067054e+02 0.000000e+00
      vertex   1.275000e+02 -1.055000e+02 0.000000e+00
    endloop
  endfacet
endsolid
